[ 1099213ms] [LOG] [Fast Refresh] rebuilding @ http://localhost:3000/_next/static/chunks/node_modules_next_dist_115brz8._.js:2477
[ 1099658ms] [LOG] [Fast Refresh] done in 543ms @ http://localhost:3000/_next/static/chunks/node_modules_next_dist_115brz8._.js:2477
[ 1099965ms] [LOG] [Fast Refresh] rebuilding @ http://localhost:3000/_next/static/chunks/node_modules_next_dist_115brz8._.js:2477
[ 1100084ms] [LOG] [Fast Refresh] done in 220ms @ http://localhost:3000/_next/static/chunks/node_modules_next_dist_115brz8._.js:2477
[ 1505872ms] [LOG] [Fast Refresh] rebuilding @ http://localhost:3000/_next/static/chunks/node_modules_next_dist_115brz8._.js:2477
[ 1506003ms] [LOG] [Fast Refresh] done in 190ms @ http://localhost:3000/_next/static/chunks/node_modules_next_dist_115brz8._.js:2477
[ 1604626ms] [LOG] [Fast Refresh] rebuilding @ http://localhost:3000/_next/static/chunks/node_modules_next_dist_115brz8._.js:2477
[ 1604727ms] [LOG] [Fast Refresh] done in 198ms @ http://localhost:3000/_next/static/chunks/node_modules_next_dist_115brz8._.js:2477
[ 1627723ms] [LOG] [Fast Refresh] rebuilding @ http://localhost:3000/_next/static/chunks/node_modules_next_dist_115brz8._.js:2477
[ 1627789ms] [LOG] [Fast Refresh] done in 58ms @ http://localhost:3000/_next/static/chunks/node_modules_next_dist_115brz8._.js:2477
[ 1628665ms] [LOG] [Fast Refresh] rebuilding @ http://localhost:3000/_next/static/chunks/node_modules_next_dist_115brz8._.js:2477
[ 1628711ms] [LOG] [Fast Refresh] done in 148ms @ http://localhost:3000/_next/static/chunks/node_modules_next_dist_115brz8._.js:2477
[ 4362980ms] [LOG] [Fast Refresh] rebuilding @ http://localhost:3000/_next/static/chunks/node_modules_next_dist_115brz8._.js:2477
[ 4363060ms] [LOG] [Fast Refresh] done in 148ms @ http://localhost:3000/_next/static/chunks/node_modules_next_dist_115brz8._.js:2477
[ 4376167ms] [LOG] [Fast Refresh] rebuilding @ http://localhost:3000/_next/static/chunks/node_modules_next_dist_115brz8._.js:2477
[ 4377158ms] [LOG] [Fast Refresh] done in 920ms @ http://localhost:3000/_next/static/chunks/node_modules_next_dist_115brz8._.js:2477
[ 4377708ms] [LOG] [Fast Refresh] rebuilding @ http://localhost:3000/_next/static/chunks/node_modules_next_dist_115brz8._.js:2477
[ 4377709ms] [LOG] [Fast Refresh] done in 4ms @ http://localhost:3000/_next/static/chunks/node_modules_next_dist_115brz8._.js:2477
[ 4377905ms] [LOG] [Fast Refresh] rebuilding @ http://localhost:3000/_next/static/chunks/node_modules_next_dist_115brz8._.js:2477
[ 4377947ms] [LOG] [Fast Refresh] done in 144ms @ http://localhost:3000/_next/static/chunks/node_modules_next_dist_115brz8._.js:2477
[ 4378230ms] [LOG] [Fast Refresh] rebuilding @ http://localhost:3000/_next/static/chunks/node_modules_next_dist_115brz8._.js:2477
[ 4378236ms] [LOG] [Fast Refresh] done in 107ms @ http://localhost:3000/_next/static/chunks/node_modules_next_dist_115brz8._.js:2477
[ 4378348ms] [LOG] [Fast Refresh] rebuilding @ http://localhost:3000/_next/static/chunks/node_modules_next_dist_115brz8._.js:2477
[ 4378359ms] [LOG] [Fast Refresh] done in 113ms @ http://localhost:3000/_next/static/chunks/node_modules_next_dist_115brz8._.js:2477
[ 4378460ms] [LOG] [Fast Refresh] rebuilding @ http://localhost:3000/_next/static/chunks/node_modules_next_dist_115brz8._.js:2477
[ 4378678ms] [LOG] [Fast Refresh] done in 318ms @ http://localhost:3000/_next/static/chunks/node_modules_next_dist_115brz8._.js:2477
[ 4378820ms] [LOG] [Fast Refresh] rebuilding @ http://localhost:3000/_next/static/chunks/node_modules_next_dist_115brz8._.js:2477
[ 4378820ms] [LOG] [Fast Refresh] done in 101ms @ http://localhost:3000/_next/static/chunks/node_modules_next_dist_115brz8._.js:2477
[ 4378930ms] [LOG] [Fast Refresh] rebuilding @ http://localhost:3000/_next/static/chunks/node_modules_next_dist_115brz8._.js:2477
[ 4378936ms] [LOG] [Fast Refresh] done in 106ms @ http://localhost:3000/_next/static/chunks/node_modules_next_dist_115brz8._.js:2477
[ 4379120ms] [LOG] [Fast Refresh] rebuilding @ http://localhost:3000/_next/static/chunks/node_modules_next_dist_115brz8._.js:2477
[ 4379223ms] [LOG] [Fast Refresh] done in 203ms @ http://localhost:3000/_next/static/chunks/node_modules_next_dist_115brz8._.js:2477
[ 4379376ms] [LOG] [Fast Refresh] rebuilding @ http://localhost:3000/_next/static/chunks/node_modules_next_dist_115brz8._.js:2477
[ 4379401ms] [LOG] [Fast Refresh] done in 125ms @ http://localhost:3000/_next/static/chunks/node_modules_next_dist_115brz8._.js:2477
[ 4379503ms] [LOG] [Fast Refresh] rebuilding @ http://localhost:3000/_next/static/chunks/node_modules_next_dist_115brz8._.js:2477
[ 4379555ms] [LOG] [Fast Refresh] done in 152ms @ http://localhost:3000/_next/static/chunks/node_modules_next_dist_115brz8._.js:2477
[ 4379655ms] [LOG] [Fast Refresh] rebuilding @ http://localhost:3000/_next/static/chunks/node_modules_next_dist_115brz8._.js:2477
[ 4379722ms] [LOG] [Fast Refresh] done in 167ms @ http://localhost:3000/_next/static/chunks/node_modules_next_dist_115brz8._.js:2477
[ 4379826ms] [LOG] [Fast Refresh] rebuilding @ http://localhost:3000/_next/static/chunks/node_modules_next_dist_115brz8._.js:2477
[ 4379852ms] [LOG] [Fast Refresh] done in 128ms @ http://localhost:3000/_next/static/chunks/node_modules_next_dist_115brz8._.js:2477
[ 4379954ms] [LOG] [Fast Refresh] rebuilding @ http://localhost:3000/_next/static/chunks/node_modules_next_dist_115brz8._.js:2477
[ 4380249ms] [LOG] [Fast Refresh] done in 396ms @ http://localhost:3000/_next/static/chunks/node_modules_next_dist_115brz8._.js:2477
[ 4380352ms] [LOG] [Fast Refresh] rebuilding @ http://localhost:3000/_next/static/chunks/node_modules_next_dist_115brz8._.js:2477
[ 4380382ms] [LOG] [Fast Refresh] done in 131ms @ http://localhost:3000/_next/static/chunks/node_modules_next_dist_115brz8._.js:2477
[ 4380484ms] [LOG] [Fast Refresh] rebuilding @ http://localhost:3000/_next/static/chunks/node_modules_next_dist_115brz8._.js:2477
[ 4380593ms] [LOG] [Fast Refresh] done in 211ms @ http://localhost:3000/_next/static/chunks/node_modules_next_dist_115brz8._.js:2477
[ 4380833ms] [LOG] [Fast Refresh] rebuilding @ http://localhost:3000/_next/static/chunks/node_modules_next_dist_115brz8._.js:2477
[ 4380848ms] [LOG] [Fast Refresh] done in 115ms @ http://localhost:3000/_next/static/chunks/node_modules_next_dist_115brz8._.js:2477
[ 4381043ms] [LOG] [Fast Refresh] rebuilding @ http://localhost:3000/_next/static/chunks/node_modules_next_dist_115brz8._.js:2477
[ 4381129ms] [LOG] [Fast Refresh] done in 188ms @ http://localhost:3000/_next/static/chunks/node_modules_next_dist_115brz8._.js:2477
[ 4381234ms] [LOG] [Fast Refresh] rebuilding @ http://localhost:3000/_next/static/chunks/node_modules_next_dist_115brz8._.js:2477
[ 4381274ms] [LOG] [Fast Refresh] done in 140ms @ http://localhost:3000/_next/static/chunks/node_modules_next_dist_115brz8._.js:2477
[ 4381552ms] [LOG] [Fast Refresh] rebuilding @ http://localhost:3000/_next/static/chunks/node_modules_next_dist_115brz8._.js:2477
[ 4381878ms] [LOG] [Fast Refresh] done in 426ms @ http://localhost:3000/_next/static/chunks/node_modules_next_dist_115brz8._.js:2477
[ 4382351ms] [LOG] [Fast Refresh] rebuilding @ http://localhost:3000/_next/static/chunks/node_modules_next_dist_115brz8._.js:2477
[ 4382435ms] [LOG] [Fast Refresh] done in 185ms @ http://localhost:3000/_next/static/chunks/node_modules_next_dist_115brz8._.js:2477
[ 4382539ms] [LOG] [Fast Refresh] rebuilding @ http://localhost:3000/_next/static/chunks/node_modules_next_dist_115brz8._.js:2477
[ 4382756ms] [LOG] [Fast Refresh] done in 319ms @ http://localhost:3000/_next/static/chunks/node_modules_next_dist_115brz8._.js:2477
[ 4382860ms] [LOG] [Fast Refresh] rebuilding @ http://localhost:3000/_next/static/chunks/node_modules_next_dist_115brz8._.js:2477
[ 4382912ms] [LOG] [Fast Refresh] done in 153ms @ http://localhost:3000/_next/static/chunks/node_modules_next_dist_115brz8._.js:2477
[ 4383016ms] [LOG] [Fast Refresh] rebuilding @ http://localhost:3000/_next/static/chunks/node_modules_next_dist_115brz8._.js:2477
[ 4383044ms] [LOG] [Fast Refresh] done in 128ms @ http://localhost:3000/_next/static/chunks/node_modules_next_dist_115brz8._.js:2477
[ 4408211ms] [LOG] [Fast Refresh] rebuilding @ http://localhost:3000/_next/static/chunks/node_modules_next_dist_115brz8._.js:2477
[ 4408793ms] [LOG] [Fast Refresh] done in 660ms @ http://localhost:3000/_next/static/chunks/node_modules_next_dist_115brz8._.js:2477
[ 4409004ms] [LOG] [Fast Refresh] rebuilding @ http://localhost:3000/_next/static/chunks/node_modules_next_dist_115brz8._.js:2477
[ 4409034ms] [LOG] [Fast Refresh] done in 130ms @ http://localhost:3000/_next/static/chunks/node_modules_next_dist_115brz8._.js:2477
[ 4409450ms] [LOG] [Fast Refresh] rebuilding @ http://localhost:3000/_next/static/chunks/node_modules_next_dist_115brz8._.js:2477
[ 4409451ms] [LOG] [Fast Refresh] done in 101ms @ http://localhost:3000/_next/static/chunks/node_modules_next_dist_115brz8._.js:2477
[ 4409670ms] [LOG] [Fast Refresh] rebuilding @ http://localhost:3000/_next/static/chunks/node_modules_next_dist_115brz8._.js:2477
[ 4409687ms] [LOG] [Fast Refresh] done in 118ms @ http://localhost:3000/_next/static/chunks/node_modules_next_dist_115brz8._.js:2477
[ 4410229ms] [LOG] [Fast Refresh] rebuilding @ http://localhost:3000/_next/static/chunks/node_modules_next_dist_115brz8._.js:2477
[ 4410314ms] [LOG] [Fast Refresh] done in 187ms @ http://localhost:3000/_next/static/chunks/node_modules_next_dist_115brz8._.js:2477
[ 4410690ms] [LOG] [Fast Refresh] rebuilding @ http://localhost:3000/_next/static/chunks/node_modules_next_dist_115brz8._.js:2477
[ 4410750ms] [LOG] [Fast Refresh] done in 161ms @ http://localhost:3000/_next/static/chunks/node_modules_next_dist_115brz8._.js:2477
[ 4411019ms] [LOG] [Fast Refresh] rebuilding @ http://localhost:3000/_next/static/chunks/node_modules_next_dist_115brz8._.js:2477
[ 4411150ms] [LOG] [Fast Refresh] done in 232ms @ http://localhost:3000/_next/static/chunks/node_modules_next_dist_115brz8._.js:2477
[44318341ms] [LOG] [Fast Refresh] rebuilding @ http://localhost:3000/_next/static/chunks/node_modules_next_dist_115brz8._.js:2477
[44318369ms] [LOG] [Fast Refresh] done in 129ms @ http://localhost:3000/_next/static/chunks/node_modules_next_dist_115brz8._.js:2477
[44611223ms] [LOG] [Fast Refresh] rebuilding @ http://localhost:3000/_next/static/chunks/node_modules_next_dist_115brz8._.js:2477
[44611302ms] [LOG] [Fast Refresh] done in 160ms @ http://localhost:3000/_next/static/chunks/node_modules_next_dist_115brz8._.js:2477
[44615973ms] [LOG] [Fast Refresh] rebuilding @ http://localhost:3000/_next/static/chunks/node_modules_next_dist_115brz8._.js:2477
[44615999ms] [LOG] [Fast Refresh] done in 34ms @ http://localhost:3000/_next/static/chunks/node_modules_next_dist_115brz8._.js:2477
[62341155ms] [ERROR] WebSocket connection to 'ws://localhost:3000/_next/webpack-hmr?id=_9Hbo3i-uSFiCrGgBYqud' failed: Error in connection establishment: net::ERR_CONNECTION_REFUSED @ http://localhost:3000/_next/static/chunks/node_modules_next_dist_client_0fhqo1d._.js:13322
[62342160ms] [ERROR] WebSocket connection to 'ws://localhost:3000/_next/webpack-hmr?id=_9Hbo3i-uSFiCrGgBYqud' failed: Error in connection establishment: net::ERR_CONNECTION_REFUSED @ http://localhost:3000/_next/static/chunks/node_modules_next_dist_client_0fhqo1d._.js:13322
[62343163ms] [ERROR] WebSocket connection to 'ws://localhost:3000/_next/webpack-hmr?id=_9Hbo3i-uSFiCrGgBYqud' failed: Error in connection establishment: net::ERR_CONNECTION_REFUSED @ http://localhost:3000/_next/static/chunks/node_modules_next_dist_client_0fhqo1d._.js:13322
[62344165ms] [ERROR] WebSocket connection to 'ws://localhost:3000/_next/webpack-hmr?id=_9Hbo3i-uSFiCrGgBYqud' failed: Error in connection establishment: net::ERR_CONNECTION_REFUSED @ http://localhost:3000/_next/static/chunks/node_modules_next_dist_client_0fhqo1d._.js:13322
[62345170ms] [ERROR] WebSocket connection to 'ws://localhost:3000/_next/webpack-hmr?id=_9Hbo3i-uSFiCrGgBYqud' failed: Error in connection establishment: net::ERR_CONNECTION_REFUSED @ http://localhost:3000/_next/static/chunks/node_modules_next_dist_client_0fhqo1d._.js:13322
[62350176ms] [ERROR] WebSocket connection to 'ws://localhost:3000/_next/webpack-hmr?id=_9Hbo3i-uSFiCrGgBYqud' failed: Error in connection establishment: net::ERR_CONNECTION_REFUSED @ http://localhost:3000/_next/static/chunks/node_modules_next_dist_client_0fhqo1d._.js:13322
[62355183ms] [ERROR] WebSocket connection to 'ws://localhost:3000/_next/webpack-hmr?id=_9Hbo3i-uSFiCrGgBYqud' failed: Error in connection establishment: net::ERR_CONNECTION_REFUSED @ http://localhost:3000/_next/static/chunks/node_modules_next_dist_client_0fhqo1d._.js:13322
[62360205ms] [ERROR] WebSocket connection to 'ws://localhost:3000/_next/webpack-hmr?id=_9Hbo3i-uSFiCrGgBYqud' failed: Error in connection establishment: net::ERR_CONNECTION_REFUSED @ http://localhost:3000/_next/static/chunks/node_modules_next_dist_client_0fhqo1d._.js:13322
[62365241ms] [ERROR] WebSocket connection to 'ws://localhost:3000/_next/webpack-hmr?id=_9Hbo3i-uSFiCrGgBYqud' failed: Error in connection establishment: net::ERR_CONNECTION_REFUSED @ http://localhost:3000/_next/static/chunks/node_modules_next_dist_client_0fhqo1d._.js:13322
[62370310ms] [ERROR] WebSocket connection to 'ws://localhost:3000/_next/webpack-hmr?id=_9Hbo3i-uSFiCrGgBYqud' failed: Error in connection establishment: net::ERR_CONNECTION_REFUSED @ http://localhost:3000/_next/static/chunks/node_modules_next_dist_client_0fhqo1d._.js:13322
[62375439ms] [ERROR] WebSocket connection to 'ws://localhost:3000/_next/webpack-hmr?id=_9Hbo3i-uSFiCrGgBYqud' failed: Error in connection establishment: net::ERR_CONNECTION_REFUSED @ http://localhost:3000/_next/static/chunks/node_modules_next_dist_client_0fhqo1d._.js:13322
[62380661ms] [ERROR] WebSocket connection to 'ws://localhost:3000/_next/webpack-hmr?id=_9Hbo3i-uSFiCrGgBYqud' failed: Error in connection establishment: net::ERR_CONNECTION_REFUSED @ http://localhost:3000/_next/static/chunks/node_modules_next_dist_client_0fhqo1d._.js:13322
[72377558ms] [ERROR] Failed to load resource: the server responded with a status of 404 (Not Found) @ http://localhost:3000/checkout:0
[72377658ms] [INFO] %cDownload the React DevTools for a better development experience: https://react.dev/link/react-devtools font-weight:bold @ http://localhost:3000/_next/static/chunks/node_modules_next_dist_1e8vcs8._.js:776
[72377692ms] [LOG] [HMR] connected @ http://localhost:3000/_next/static/chunks/node_modules_next_dist_1e8vcs8._.js:776
[100043375ms] [ERROR] WebSocket connection to 'wss://jnmhsflhnpluooxgxmjo.supabase.co/realtime/v1/websocket?apikey=sb_publishable_L9vv1SacMelQ_eOIUKLKYw_e8CkUgVu&vsn=2.0.0' failed: Error in connection establishment: net::ERR_NAME_NOT_RESOLVED @ http://localhost:3000/_next/static/chunks/node_modules_1s82ytv._.js:11925
[157643398ms] [LOG] [Fast Refresh] rebuilding @ http://localhost:3000/_next/static/chunks/node_modules_next_dist_1e8vcs8._.js:776
[157643561ms] [LOG] [Fast Refresh] done in 267ms @ http://localhost:3000/_next/static/chunks/node_modules_next_dist_1e8vcs8._.js:776
[186423380ms] [ERROR] WebSocket connection to 'wss://jnmhsflhnpluooxgxmjo.supabase.co/realtime/v1/websocket?apikey=sb_publishable_L9vv1SacMelQ_eOIUKLKYw_e8CkUgVu&vsn=2.0.0' failed: Error in connection establishment: net::ERR_NAME_NOT_RESOLVED @ http://localhost:3000/_next/static/chunks/node_modules_1s82ytv._.js:11925
[186455387ms] [ERROR] WebSocket connection to 'wss://jnmhsflhnpluooxgxmjo.supabase.co/realtime/v1/websocket?apikey=sb_publishable_L9vv1SacMelQ_eOIUKLKYw_e8CkUgVu&vsn=2.0.0' failed: Error in connection establishment: net::ERR_NAME_NOT_RESOLVED @ http://localhost:3000/_next/static/chunks/node_modules_1s82ytv._.js:11925
[186467029ms] [ERROR] WebSocket connection to 'wss://jnmhsflhnpluooxgxmjo.supabase.co/realtime/v1/websocket?apikey=sb_publishable_L9vv1SacMelQ_eOIUKLKYw_e8CkUgVu&vsn=2.0.0' failed: Error in connection establishment: net::ERR_NAME_NOT_RESOLVED @ http://localhost:3000/_next/static/chunks/node_modules_1s82ytv._.js:11925
[244044203ms] [LOG] [Fast Refresh] rebuilding @ http://localhost:3000/_next/static/chunks/node_modules_next_dist_1e8vcs8._.js:776
[244044299ms] [LOG] [Fast Refresh] done in 197ms @ http://localhost:3000/_next/static/chunks/node_modules_next_dist_1e8vcs8._.js:776
[258385207ms] [ERROR] WebSocket connection to 'wss://jnmhsflhnpluooxgxmjo.supabase.co/realtime/v1/websocket?apikey=sb_publishable_L9vv1SacMelQ_eOIUKLKYw_e8CkUgVu&vsn=2.0.0' failed: Error in connection establishment: net::ERR_INTERNET_DISCONNECTED @ http://localhost:3000/_next/static/chunks/node_modules_1s82ytv._.js:11925
[258387214ms] [ERROR] WebSocket connection to 'wss://jnmhsflhnpluooxgxmjo.supabase.co/realtime/v1/websocket?apikey=sb_publishable_L9vv1SacMelQ_eOIUKLKYw_e8CkUgVu&vsn=2.0.0' failed: Error in connection establishment: net::ERR_INTERNET_DISCONNECTED @ http://localhost:3000/_next/static/chunks/node_modules_1s82ytv._.js:11925
[258392221ms] [ERROR] WebSocket connection to 'wss://jnmhsflhnpluooxgxmjo.supabase.co/realtime/v1/websocket?apikey=sb_publishable_L9vv1SacMelQ_eOIUKLKYw_e8CkUgVu&vsn=2.0.0' failed: Error in connection establishment: net::ERR_NAME_NOT_RESOLVED @ http://localhost:3000/_next/static/chunks/node_modules_1s82ytv._.js:11925
[258402229ms] [ERROR] WebSocket connection to 'wss://jnmhsflhnpluooxgxmjo.supabase.co/realtime/v1/websocket?apikey=sb_publishable_L9vv1SacMelQ_eOIUKLKYw_e8CkUgVu&vsn=2.0.0' failed: Error in connection establishment: net::ERR_NAME_NOT_RESOLVED @ http://localhost:3000/_next/static/chunks/node_modules_1s82ytv._.js:11925
[258412236ms] [ERROR] WebSocket connection to 'wss://jnmhsflhnpluooxgxmjo.supabase.co/realtime/v1/websocket?apikey=sb_publishable_L9vv1SacMelQ_eOIUKLKYw_e8CkUgVu&vsn=2.0.0' failed: Error in connection establishment: net::ERR_NAME_NOT_RESOLVED @ http://localhost:3000/_next/static/chunks/node_modules_1s82ytv._.js:11925
[258422248ms] [ERROR] WebSocket connection to 'wss://jnmhsflhnpluooxgxmjo.supabase.co/realtime/v1/websocket?apikey=sb_publishable_L9vv1SacMelQ_eOIUKLKYw_e8CkUgVu&vsn=2.0.0' failed: Error in connection establishment: net::ERR_NAME_NOT_RESOLVED @ http://localhost:3000/_next/static/chunks/node_modules_1s82ytv._.js:11925
[258432261ms] [ERROR] WebSocket connection to 'wss://jnmhsflhnpluooxgxmjo.supabase.co/realtime/v1/websocket?apikey=sb_publishable_L9vv1SacMelQ_eOIUKLKYw_e8CkUgVu&vsn=2.0.0' failed: Error in connection establishment: net::ERR_NAME_NOT_RESOLVED @ http://localhost:3000/_next/static/chunks/node_modules_1s82ytv._.js:11925
[258442286ms] [ERROR] WebSocket connection to 'wss://jnmhsflhnpluooxgxmjo.supabase.co/realtime/v1/websocket?apikey=sb_publishable_L9vv1SacMelQ_eOIUKLKYw_e8CkUgVu&vsn=2.0.0' failed: Error in connection establishment: net::ERR_NAME_NOT_RESOLVED @ http://localhost:3000/_next/static/chunks/node_modules_1s82ytv._.js:11925
[272857749ms] [ERROR] WebSocket connection to 'wss://jnmhsflhnpluooxgxmjo.supabase.co/realtime/v1/websocket?apikey=sb_publishable_L9vv1SacMelQ_eOIUKLKYw_e8CkUgVu&vsn=2.0.0' failed: Error in connection establishment: net::ERR_NAME_NOT_RESOLVED @ http://localhost:3000/_next/static/chunks/node_modules_1s82ytv._.js:11925
[301597408ms] [ERROR] WebSocket connection to 'wss://jnmhsflhnpluooxgxmjo.supabase.co/realtime/v1/websocket?apikey=sb_publishable_L9vv1SacMelQ_eOIUKLKYw_e8CkUgVu&vsn=2.0.0' failed: Error in connection establishment: net::ERR_ADDRESS_UNREACHABLE @ http://localhost:3000/_next/static/chunks/node_modules_1s82ytv._.js:11925
[301599413ms] [ERROR] WebSocket connection to 'wss://jnmhsflhnpluooxgxmjo.supabase.co/realtime/v1/websocket?apikey=sb_publishable_L9vv1SacMelQ_eOIUKLKYw_e8CkUgVu&vsn=2.0.0' failed: Error in connection establishment: net::ERR_ADDRESS_UNREACHABLE @ http://localhost:3000/_next/static/chunks/node_modules_1s82ytv._.js:11925
[305207511ms] [ERROR] WebSocket connection to 'wss://jnmhsflhnpluooxgxmjo.supabase.co/realtime/v1/websocket?apikey=sb_publishable_L9vv1SacMelQ_eOIUKLKYw_e8CkUgVu&vsn=2.0.0' failed: Error during WebSocket handshake: net::ERR_CONNECTION_RESET @ http://localhost:3000/_next/static/chunks/node_modules_1s82ytv._.js:11925
[306018137ms] [ERROR] WebSocket connection to 'wss://jnmhsflhnpluooxgxmjo.supabase.co/realtime/v1/websocket?apikey=sb_publishable_L9vv1SacMelQ_eOIUKLKYw_e8CkUgVu&vsn=2.0.0' failed: Error in connection establishment: net::ERR_NAME_NOT_RESOLVED @ http://localhost:3000/_next/static/chunks/node_modules_1s82ytv._.js:11925
[307939881ms] [ERROR] WebSocket connection to 'wss://jnmhsflhnpluooxgxmjo.supabase.co/realtime/v1/websocket?apikey=sb_publishable_L9vv1SacMelQ_eOIUKLKYw_e8CkUgVu&vsn=2.0.0' failed: WebSocket opening handshake timed out @ http://localhost:3000/_next/static/chunks/node_modules_1s82ytv._.js:11925
[307997290ms] [ERROR] WebSocket connection to 'wss://jnmhsflhnpluooxgxmjo.supabase.co/realtime/v1/websocket?apikey=sb_publishable_L9vv1SacMelQ_eOIUKLKYw_e8CkUgVu&vsn=2.0.0' failed: WebSocket opening handshake timed out @ http://localhost:3000/_next/static/chunks/node_modules_1s82ytv._.js:11925
[308032297ms] [ERROR] WebSocket connection to 'wss://jnmhsflhnpluooxgxmjo.supabase.co/realtime/v1/websocket?apikey=sb_publishable_L9vv1SacMelQ_eOIUKLKYw_e8CkUgVu&vsn=2.0.0' failed: Error in connection establishment: net::ERR_NAME_NOT_RESOLVED @ http://localhost:3000/_next/static/chunks/node_modules_1s82ytv._.js:11925
[308072305ms] [ERROR] WebSocket connection to 'wss://jnmhsflhnpluooxgxmjo.supabase.co/realtime/v1/websocket?apikey=sb_publishable_L9vv1SacMelQ_eOIUKLKYw_e8CkUgVu&vsn=2.0.0' failed: Error in connection establishment: net::ERR_NAME_NOT_RESOLVED @ http://localhost:3000/_next/static/chunks/node_modules_1s82ytv._.js:11925
[308590515ms] [ERROR] WebSocket connection to 'wss://jnmhsflhnpluooxgxmjo.supabase.co/realtime/v1/websocket?apikey=sb_publishable_L9vv1SacMelQ_eOIUKLKYw_e8CkUgVu&vsn=2.0.0' failed: Error in connection establishment: net::ERR_NAME_NOT_RESOLVED @ http://localhost:3000/_next/static/chunks/node_modules_1s82ytv._.js:11925
[308622520ms] [ERROR] WebSocket connection to 'wss://jnmhsflhnpluooxgxmjo.supabase.co/realtime/v1/websocket?apikey=sb_publishable_L9vv1SacMelQ_eOIUKLKYw_e8CkUgVu&vsn=2.0.0' failed: Error in connection establishment: net::ERR_NAME_NOT_RESOLVED @ http://localhost:3000/_next/static/chunks/node_modules_1s82ytv._.js:11925
[308657526ms] [ERROR] WebSocket connection to 'wss://jnmhsflhnpluooxgxmjo.supabase.co/realtime/v1/websocket?apikey=sb_publishable_L9vv1SacMelQ_eOIUKLKYw_e8CkUgVu&vsn=2.0.0' failed: Error in connection establishment: net::ERR_NAME_NOT_RESOLVED @ http://localhost:3000/_next/static/chunks/node_modules_1s82ytv._.js:11925
[308702943ms] [ERROR] WebSocket connection to 'wss://jnmhsflhnpluooxgxmjo.supabase.co/realtime/v1/websocket?apikey=sb_publishable_L9vv1SacMelQ_eOIUKLKYw_e8CkUgVu&vsn=2.0.0' failed: WebSocket opening handshake timed out @ http://localhost:3000/_next/static/chunks/node_modules_1s82ytv._.js:11925
[308764375ms] [ERROR] WebSocket connection to 'wss://jnmhsflhnpluooxgxmjo.supabase.co/realtime/v1/websocket?apikey=sb_publishable_L9vv1SacMelQ_eOIUKLKYw_e8CkUgVu&vsn=2.0.0' failed: WebSocket opening handshake timed out @ http://localhost:3000/_next/static/chunks/node_modules_1s82ytv._.js:11925
[308803651ms] [ERROR] WebSocket connection to 'wss://jnmhsflhnpluooxgxmjo.supabase.co/realtime/v1/websocket?apikey=sb_publishable_L9vv1SacMelQ_eOIUKLKYw_e8CkUgVu&vsn=2.0.0' failed: Connection closed before receiving a handshake response @ http://localhost:3000/_next/static/chunks/node_modules_1s82ytv._.js:11925
[309633304ms] [ERROR] WebSocket connection to 'wss://jnmhsflhnpluooxgxmjo.supabase.co/realtime/v1/websocket?apikey=sb_publishable_L9vv1SacMelQ_eOIUKLKYw_e8CkUgVu&vsn=2.0.0' failed: Error in connection establishment: net::ERR_NAME_NOT_RESOLVED @ http://localhost:3000/_next/static/chunks/node_modules_1s82ytv._.js:11925
[309665311ms] [ERROR] WebSocket connection to 'wss://jnmhsflhnpluooxgxmjo.supabase.co/realtime/v1/websocket?apikey=sb_publishable_L9vv1SacMelQ_eOIUKLKYw_e8CkUgVu&vsn=2.0.0' failed: Error in connection establishment: net::ERR_NAME_NOT_RESOLVED @ http://localhost:3000/_next/static/chunks/node_modules_1s82ytv._.js:11925
[309700317ms] [ERROR] WebSocket connection to 'wss://jnmhsflhnpluooxgxmjo.supabase.co/realtime/v1/websocket?apikey=sb_publishable_L9vv1SacMelQ_eOIUKLKYw_e8CkUgVu&vsn=2.0.0' failed: Error in connection establishment: net::ERR_NAME_NOT_RESOLVED @ http://localhost:3000/_next/static/chunks/node_modules_1s82ytv._.js:11925
[310075661ms] [ERROR] WebSocket connection to 'wss://jnmhsflhnpluooxgxmjo.supabase.co/realtime/v1/websocket?apikey=sb_publishable_L9vv1SacMelQ_eOIUKLKYw_e8CkUgVu&vsn=2.0.0' failed: Error in connection establishment: net::ERR_CONNECTION_TIMED_OUT @ http://localhost:3000/_next/static/chunks/node_modules_1s82ytv._.js:11925
[310107670ms] [ERROR] WebSocket connection to 'wss://jnmhsflhnpluooxgxmjo.supabase.co/realtime/v1/websocket?apikey=sb_publishable_L9vv1SacMelQ_eOIUKLKYw_e8CkUgVu&vsn=2.0.0' failed: Error in connection establishment: net::ERR_NAME_NOT_RESOLVED @ http://localhost:3000/_next/static/chunks/node_modules_1s82ytv._.js:11925
[330444845ms] [LOG] [Fast Refresh] rebuilding @ http://localhost:3000/_next/static/chunks/node_modules_next_dist_1e8vcs8._.js:776
[330444874ms] [LOG] [Fast Refresh] done in 133ms @ http://localhost:3000/_next/static/chunks/node_modules_next_dist_1e8vcs8._.js:776
[344783466ms] [ERROR] WebSocket connection to 'wss://jnmhsflhnpluooxgxmjo.supabase.co/realtime/v1/websocket?apikey=sb_publishable_L9vv1SacMelQ_eOIUKLKYw_e8CkUgVu&vsn=2.0.0' failed: Error in connection establishment: net::ERR_INTERNET_DISCONNECTED @ http://localhost:3000/_next/static/chunks/node_modules_1s82ytv._.js:11925
[344785471ms] [ERROR] WebSocket connection to 'wss://jnmhsflhnpluooxgxmjo.supabase.co/realtime/v1/websocket?apikey=sb_publishable_L9vv1SacMelQ_eOIUKLKYw_e8CkUgVu&vsn=2.0.0' failed: Error in connection establishment: net::ERR_NAME_NOT_RESOLVED @ http://localhost:3000/_next/static/chunks/node_modules_1s82ytv._.js:11925
[344790477ms] [ERROR] WebSocket connection to 'wss://jnmhsflhnpluooxgxmjo.supabase.co/realtime/v1/websocket?apikey=sb_publishable_L9vv1SacMelQ_eOIUKLKYw_e8CkUgVu&vsn=2.0.0' failed: Error in connection establishment: net::ERR_NAME_NOT_RESOLVED @ http://localhost:3000/_next/static/chunks/node_modules_1s82ytv._.js:11925
[344800484ms] [ERROR] WebSocket connection to 'wss://jnmhsflhnpluooxgxmjo.supabase.co/realtime/v1/websocket?apikey=sb_publishable_L9vv1SacMelQ_eOIUKLKYw_e8CkUgVu&vsn=2.0.0' failed: Error in connection establishment: net::ERR_NAME_NOT_RESOLVED @ http://localhost:3000/_next/static/chunks/node_modules_1s82ytv._.js:11925
[344810492ms] [ERROR] WebSocket connection to 'wss://jnmhsflhnpluooxgxmjo.supabase.co/realtime/v1/websocket?apikey=sb_publishable_L9vv1SacMelQ_eOIUKLKYw_e8CkUgVu&vsn=2.0.0' failed: Error in connection establishment: net::ERR_NAME_NOT_RESOLVED @ http://localhost:3000/_next/static/chunks/node_modules_1s82ytv._.js:11925
[344820498ms] [ERROR] WebSocket connection to 'wss://jnmhsflhnpluooxgxmjo.supabase.co/realtime/v1/websocket?apikey=sb_publishable_L9vv1SacMelQ_eOIUKLKYw_e8CkUgVu&vsn=2.0.0' failed: Error in connection establishment: net::ERR_NAME_NOT_RESOLVED @ http://localhost:3000/_next/static/chunks/node_modules_1s82ytv._.js:11925
[344830515ms] [ERROR] WebSocket connection to 'wss://jnmhsflhnpluooxgxmjo.supabase.co/realtime/v1/websocket?apikey=sb_publishable_L9vv1SacMelQ_eOIUKLKYw_e8CkUgVu&vsn=2.0.0' failed: Error in connection establishment: net::ERR_NAME_NOT_RESOLVED @ http://localhost:3000/_next/static/chunks/node_modules_1s82ytv._.js:11925
[344840537ms] [ERROR] WebSocket connection to 'wss://jnmhsflhnpluooxgxmjo.supabase.co/realtime/v1/websocket?apikey=sb_publishable_L9vv1SacMelQ_eOIUKLKYw_e8CkUgVu&vsn=2.0.0' failed: Error in connection establishment: net::ERR_NAME_NOT_RESOLVED @ http://localhost:3000/_next/static/chunks/node_modules_1s82ytv._.js:11925
[344850586ms] [ERROR] WebSocket connection to 'wss://jnmhsflhnpluooxgxmjo.supabase.co/realtime/v1/websocket?apikey=sb_publishable_L9vv1SacMelQ_eOIUKLKYw_e8CkUgVu&vsn=2.0.0' failed: Error in connection establishment: net::ERR_NAME_NOT_RESOLVED @ http://localhost:3000/_next/static/chunks/node_modules_1s82ytv._.js:11925
[359250878ms] [ERROR] WebSocket connection to 'wss://jnmhsflhnpluooxgxmjo.supabase.co/realtime/v1/websocket?apikey=sb_publishable_L9vv1SacMelQ_eOIUKLKYw_e8CkUgVu&vsn=2.0.0' failed: Error in connection establishment: net::ERR_NAME_NOT_RESOLVED @ http://localhost:3000/_next/static/chunks/node_modules_1s82ytv._.js:11925
[387988957ms] [ERROR] WebSocket connection to 'wss://jnmhsflhnpluooxgxmjo.supabase.co/realtime/v1/websocket?apikey=sb_publishable_L9vv1SacMelQ_eOIUKLKYw_e8CkUgVu&vsn=2.0.0' failed: Error in connection establishment: net::ERR_ADDRESS_UNREACHABLE @ http://localhost:3000/_next/static/chunks/node_modules_1s82ytv._.js:11925
[387990959ms] [ERROR] WebSocket connection to 'wss://jnmhsflhnpluooxgxmjo.supabase.co/realtime/v1/websocket?apikey=sb_publishable_L9vv1SacMelQ_eOIUKLKYw_e8CkUgVu&vsn=2.0.0' failed: Error in connection establishment: net::ERR_ADDRESS_UNREACHABLE @ http://localhost:3000/_next/static/chunks/node_modules_1s82ytv._.js:11925
[416845567ms] [LOG] [Fast Refresh] rebuilding @ http://localhost:3000/_next/static/chunks/node_modules_next_dist_1e8vcs8._.js:776
[416845603ms] [LOG] [Fast Refresh] done in 141ms @ http://localhost:3000/_next/static/chunks/node_modules_next_dist_1e8vcs8._.js:776
[445644002ms] [ERROR] WebSocket connection to 'wss://jnmhsflhnpluooxgxmjo.supabase.co/realtime/v1/websocket?apikey=sb_publishable_L9vv1SacMelQ_eOIUKLKYw_e8CkUgVu&vsn=2.0.0' failed: Error in connection establishment: net::ERR_NAME_NOT_RESOLVED @ http://localhost:3000/_next/static/chunks/node_modules_1s82ytv._.js:11925
[474385611ms] [ERROR] WebSocket connection to 'wss://jnmhsflhnpluooxgxmjo.supabase.co/realtime/v1/websocket?apikey=sb_publishable_L9vv1SacMelQ_eOIUKLKYw_e8CkUgVu&vsn=2.0.0' failed: Error in connection establishment: net::ERR_ADDRESS_UNREACHABLE @ http://localhost:3000/_next/static/chunks/node_modules_1s82ytv._.js:11925
[474387616ms] [ERROR] WebSocket connection to 'wss://jnmhsflhnpluooxgxmjo.supabase.co/realtime/v1/websocket?apikey=sb_publishable_L9vv1SacMelQ_eOIUKLKYw_e8CkUgVu&vsn=2.0.0' failed: Error in connection establishment: net::ERR_ADDRESS_UNREACHABLE @ http://localhost:3000/_next/static/chunks/node_modules_1s82ytv._.js:11925
[474392621ms] [ERROR] WebSocket connection to 'wss://jnmhsflhnpluooxgxmjo.supabase.co/realtime/v1/websocket?apikey=sb_publishable_L9vv1SacMelQ_eOIUKLKYw_e8CkUgVu&vsn=2.0.0' failed: Error in connection establishment: net::ERR_ADDRESS_UNREACHABLE @ http://localhost:3000/_next/static/chunks/node_modules_1s82ytv._.js:11925
[503246211ms] [LOG] [Fast Refresh] rebuilding @ http://localhost:3000/_next/static/chunks/node_modules_next_dist_1e8vcs8._.js:776
[503246276ms] [LOG] [Fast Refresh] done in 173ms @ http://localhost:3000/_next/static/chunks/node_modules_next_dist_1e8vcs8._.js:776
[518700917ms] [ERROR] WebSocket connection to 'wss://jnmhsflhnpluooxgxmjo.supabase.co/realtime/v1/websocket?apikey=sb_publishable_L9vv1SacMelQ_eOIUKLKYw_e8CkUgVu&vsn=2.0.0' failed: Error in connection establishment: net::ERR_INTERNET_DISCONNECTED @ http://localhost:3000/_next/static/chunks/node_modules_1s82ytv._.js:11925
[518702921ms] [ERROR] WebSocket connection to 'wss://jnmhsflhnpluooxgxmjo.supabase.co/realtime/v1/websocket?apikey=sb_publishable_L9vv1SacMelQ_eOIUKLKYw_e8CkUgVu&vsn=2.0.0' failed: Error in connection establishment: net::ERR_INTERNET_DISCONNECTED @ http://localhost:3000/_next/static/chunks/node_modules_1s82ytv._.js:11925
[518707926ms] [ERROR] WebSocket connection to 'wss://jnmhsflhnpluooxgxmjo.supabase.co/realtime/v1/websocket?apikey=sb_publishable_L9vv1SacMelQ_eOIUKLKYw_e8CkUgVu&vsn=2.0.0' failed: Error in connection establishment: net::ERR_INTERNET_DISCONNECTED @ http://localhost:3000/_next/static/chunks/node_modules_1s82ytv._.js:11925
[518717930ms] [ERROR] WebSocket connection to 'wss://jnmhsflhnpluooxgxmjo.supabase.co/realtime/v1/websocket?apikey=sb_publishable_L9vv1SacMelQ_eOIUKLKYw_e8CkUgVu&vsn=2.0.0' failed: Error in connection establishment: net::ERR_NAME_NOT_RESOLVED @ http://localhost:3000/_next/static/chunks/node_modules_1s82ytv._.js:11925
[518727934ms] [ERROR] WebSocket connection to 'wss://jnmhsflhnpluooxgxmjo.supabase.co/realtime/v1/websocket?apikey=sb_publishable_L9vv1SacMelQ_eOIUKLKYw_e8CkUgVu&vsn=2.0.0' failed: Error in connection establishment: net::ERR_NAME_NOT_RESOLVED @ http://localhost:3000/_next/static/chunks/node_modules_1s82ytv._.js:11925
[518737940ms] [ERROR] WebSocket connection to 'wss://jnmhsflhnpluooxgxmjo.supabase.co/realtime/v1/websocket?apikey=sb_publishable_L9vv1SacMelQ_eOIUKLKYw_e8CkUgVu&vsn=2.0.0' failed: Error in connection establishment: net::ERR_NAME_NOT_RESOLVED @ http://localhost:3000/_next/static/chunks/node_modules_1s82ytv._.js:11925
[518747945ms] [ERROR] WebSocket connection to 'wss://jnmhsflhnpluooxgxmjo.supabase.co/realtime/v1/websocket?apikey=sb_publishable_L9vv1SacMelQ_eOIUKLKYw_e8CkUgVu&vsn=2.0.0' failed: Error in connection establishment: net::ERR_NAME_NOT_RESOLVED @ http://localhost:3000/_next/static/chunks/node_modules_1s82ytv._.js:11925
[518757952ms] [ERROR] WebSocket connection to 'wss://jnmhsflhnpluooxgxmjo.supabase.co/realtime/v1/websocket?apikey=sb_publishable_L9vv1SacMelQ_eOIUKLKYw_e8CkUgVu&vsn=2.0.0' failed: Error in connection establishment: net::ERR_NAME_NOT_RESOLVED @ http://localhost:3000/_next/static/chunks/node_modules_1s82ytv._.js:11925
[518767958ms] [ERROR] WebSocket connection to 'wss://jnmhsflhnpluooxgxmjo.supabase.co/realtime/v1/websocket?apikey=sb_publishable_L9vv1SacMelQ_eOIUKLKYw_e8CkUgVu&vsn=2.0.0' failed: Error in connection establishment: net::ERR_NAME_NOT_RESOLVED @ http://localhost:3000/_next/static/chunks/node_modules_1s82ytv._.js:11925
[532043465ms] [ERROR] WebSocket connection to 'wss://jnmhsflhnpluooxgxmjo.supabase.co/realtime/v1/websocket?apikey=sb_publishable_L9vv1SacMelQ_eOIUKLKYw_e8CkUgVu&vsn=2.0.0' failed: Error in connection establishment: net::ERR_NAME_NOT_RESOLVED @ http://localhost:3000/_next/static/chunks/node_modules_1s82ytv._.js:11925
[589378148ms] [LOG] [Fast Refresh] rebuilding @ http://localhost:3000/_next/static/chunks/node_modules_next_dist_1e8vcs8._.js:776
[600899720ms] [ERROR] WebSocket connection to 'ws://localhost:3000/_next/hmr?id=b9CYra7XC-27pYzrSP25E' failed: Error in connection establishment: net::ERR_CONNECTION_REFUSED @ http://localhost:3000/_next/static/chunks/node_modules_next_dist_client_0_90u2t._.js:16359
[600900727ms] [ERROR] WebSocket connection to 'ws://localhost:3000/_next/hmr?id=b9CYra7XC-27pYzrSP25E' failed: Error in connection establishment: net::ERR_CONNECTION_REFUSED @ http://localhost:3000/_next/static/chunks/node_modules_next_dist_client_0_90u2t._.js:16359
[600901730ms] [ERROR] WebSocket connection to 'ws://localhost:3000/_next/hmr?id=b9CYra7XC-27pYzrSP25E' failed: Error in connection establishment: net::ERR_CONNECTION_REFUSED @ http://localhost:3000/_next/static/chunks/node_modules_next_dist_client_0_90u2t._.js:16359
[600902733ms] [ERROR] WebSocket connection to 'ws://localhost:3000/_next/hmr?id=b9CYra7XC-27pYzrSP25E' failed: Error in connection establishment: net::ERR_CONNECTION_REFUSED @ http://localhost:3000/_next/static/chunks/node_modules_next_dist_client_0_90u2t._.js:16359
[600903739ms] [ERROR] WebSocket connection to 'ws://localhost:3000/_next/hmr?id=b9CYra7XC-27pYzrSP25E' failed: Error in connection establishment: net::ERR_CONNECTION_REFUSED @ http://localhost:3000/_next/static/chunks/node_modules_next_dist_client_0_90u2t._.js:16359
[600908744ms] [ERROR] WebSocket connection to 'ws://localhost:3000/_next/hmr?id=b9CYra7XC-27pYzrSP25E' failed: Error in connection establishment: net::ERR_CONNECTION_REFUSED @ http://localhost:3000/_next/static/chunks/node_modules_next_dist_client_0_90u2t._.js:16359
[600913759ms] [ERROR] WebSocket connection to 'ws://localhost:3000/_next/hmr?id=b9CYra7XC-27pYzrSP25E' failed: Error in connection establishment: net::ERR_CONNECTION_REFUSED @ http://localhost:3000/_next/static/chunks/node_modules_next_dist_client_0_90u2t._.js:16359
[600918770ms] [ERROR] WebSocket connection to 'ws://localhost:3000/_next/hmr?id=b9CYra7XC-27pYzrSP25E' failed: Error in connection establishment: net::ERR_CONNECTION_REFUSED @ http://localhost:3000/_next/static/chunks/node_modules_next_dist_client_0_90u2t._.js:16359
[600923796ms] [ERROR] WebSocket connection to 'ws://localhost:3000/_next/hmr?id=b9CYra7XC-27pYzrSP25E' failed: Error in connection establishment: net::ERR_CONNECTION_REFUSED @ http://localhost:3000/_next/static/chunks/node_modules_next_dist_client_0_90u2t._.js:16359
[600928869ms] [ERROR] WebSocket connection to 'ws://localhost:3000/_next/hmr?id=b9CYra7XC-27pYzrSP25E' failed: Error in connection establishment: net::ERR_CONNECTION_REFUSED @ http://localhost:3000/_next/static/chunks/node_modules_next_dist_client_0_90u2t._.js:16359
[600933995ms] [ERROR] WebSocket connection to 'ws://localhost:3000/_next/hmr?id=b9CYra7XC-27pYzrSP25E' failed: Error in connection establishment: net::ERR_CONNECTION_REFUSED @ http://localhost:3000/_next/static/chunks/node_modules_next_dist_client_0_90u2t._.js:16359
[600939080ms] [ERROR] WebSocket connection to 'ws://localhost:3000/_next/hmr?id=b9CYra7XC-27pYzrSP25E' failed: Error in connection establishment: net::ERR_CONNECTION_REFUSED @ http://localhost:3000/_next/static/chunks/node_modules_next_dist_client_0_90u2t._.js:16359
[913584106ms] [ERROR] Failed to load resource: the server responded with a status of 404 (Not Found) @ http://localhost:3000/checkout:0
[913584264ms] [INFO] %cDownload the React DevTools for a better development experience: https://react.dev/link/react-devtools font-weight:bold @ http://localhost:3000/_next/static/chunks/node_modules_next_dist_1e8vcs8._.js:776
[913584334ms] [LOG] [HMR] connected @ http://localhost:3000/_next/static/chunks/node_modules_next_dist_1e8vcs8._.js:776
[914101038ms] [LOG] [Fast Refresh] rebuilding @ http://localhost:3000/_next/static/chunks/node_modules_next_dist_1e8vcs8._.js:776
[914101685ms] [LOG] [Fast Refresh] done in 748ms @ http://localhost:3000/_next/static/chunks/node_modules_next_dist_1e8vcs8._.js:776
[914175113ms] [LOG] [Fast Refresh] rebuilding @ http://localhost:3000/_next/static/chunks/node_modules_next_dist_1e8vcs8._.js:776
[914175130ms] [LOG] [Fast Refresh] done in 121ms @ http://localhost:3000/_next/static/chunks/node_modules_next_dist_1e8vcs8._.js:776
[914190016ms] [LOG] [Fast Refresh] rebuilding @ http://localhost:3000/_next/static/chunks/node_modules_next_dist_1e8vcs8._.js:776
[914190123ms] [LOG] [Fast Refresh] done in 209ms @ http://localhost:3000/_next/static/chunks/node_modules_next_dist_1e8vcs8._.js:776
[914695587ms] [LOG] [Fast Refresh] rebuilding @ http://localhost:3000/_next/static/chunks/node_modules_next_dist_1e8vcs8._.js:776
[914695652ms] [LOG] [Fast Refresh] done in 140ms @ http://localhost:3000/_next/static/chunks/node_modules_next_dist_1e8vcs8._.js:776
[914701678ms] [LOG] [Fast Refresh] done in 6187ms @ http://localhost:3000/_next/static/chunks/node_modules_next_dist_1e8vcs8._.js:776
[914701747ms] [LOG] [Fast Refresh] done in 6187ms @ http://localhost:3000/_next/static/chunks/node_modules_next_dist_1e8vcs8._.js:776
[914701824ms] [ERROR] Failed to load resource: the server responded with a status of 404 (Not Found) @ http://localhost:3000/checkout?_rsc=7TmJZH1YHwSue7fr:0
[914701883ms] [LOG] [Fast Refresh] done in 6187ms @ http://localhost:3000/_next/static/chunks/node_modules_next_dist_1e8vcs8._.js:776
[914701931ms] [ERROR] Failed to load resource: the server responded with a status of 404 (Not Found) @ http://localhost:3000/checkout?_rsc=7TmJZH1YHwSue7fr:0
[914701933ms] [LOG] [Fast Refresh] done in 6187ms @ http://localhost:3000/_next/static/chunks/node_modules_next_dist_1e8vcs8._.js:776
[914702059ms] [LOG] [Fast Refresh] done in 6187ms @ http://localhost:3000/_next/static/chunks/node_modules_next_dist_1e8vcs8._.js:776
[914702079ms] [ERROR] Failed to load resource: the server responded with a status of 404 (Not Found) @ http://localhost:3000/checkout?_rsc=7TmJZH1YHwSue7fr:0
[914702129ms] [ERROR] Failed to load resource: the server responded with a status of 404 (Not Found) @ http://localhost:3000/checkout:0
[914702427ms] [INFO] %cDownload the React DevTools for a better development experience: https://react.dev/link/react-devtools font-weight:bold @ http://localhost:3000/_next/static/chunks/node_modules_next_dist_1e8vcs8._.js:776
[914702450ms] [LOG] [HMR] connected @ http://localhost:3000/_next/static/chunks/node_modules_next_dist_1e8vcs8._.js:776
[914705525ms] [LOG] [Fast Refresh] rebuilding @ http://localhost:3000/_next/static/chunks/node_modules_next_dist_1e8vcs8._.js:776
[914705533ms] [LOG] [Fast Refresh] done in 109ms @ http://localhost:3000/_next/static/chunks/node_modules_next_dist_1e8vcs8._.js:776
[914705741ms] [LOG] [Fast Refresh] rebuilding @ http://localhost:3000/_next/static/chunks/node_modules_next_dist_1e8vcs8._.js:776
[914705864ms] [LOG] [Fast Refresh] done in 225ms @ http://localhost:3000/_next/static/chunks/node_modules_next_dist_1e8vcs8._.js:776
[914706428ms] [LOG] [Fast Refresh] rebuilding @ http://localhost:3000/_next/static/chunks/node_modules_next_dist_1e8vcs8._.js:776
[914707068ms] [LOG] [Fast Refresh] done in 741ms @ http://localhost:3000/_next/static/chunks/node_modules_next_dist_1e8vcs8._.js:776
[914708044ms] [LOG] [Fast Refresh] done in 798ms @ http://localhost:3000/_next/static/chunks/node_modules_next_dist_1e8vcs8._.js:776
[914708096ms] [ERROR] Failed to load resource: the server responded with a status of 404 (Not Found) @ http://localhost:3000/checkout?_rsc=7TmJZH1YHwSue7fr:0
[914708155ms] [LOG] [Fast Refresh] done in 798ms @ http://localhost:3000/_next/static/chunks/node_modules_next_dist_1e8vcs8._.js:776
[914708211ms] [ERROR] Failed to load resource: the server responded with a status of 404 (Not Found) @ http://localhost:3000/checkout?_rsc=7TmJZH1YHwSue7fr:0
[914708268ms] [LOG] [Fast Refresh] done in 798ms @ http://localhost:3000/_next/static/chunks/node_modules_next_dist_1e8vcs8._.js:776
[914708313ms] [ERROR] Failed to load resource: the server responded with a status of 404 (Not Found) @ http://localhost:3000/checkout?_rsc=7TmJZH1YHwSue7fr:0
[914708323ms] [ERROR] Failed to load resource: the server responded with a status of 404 (Not Found) @ http://localhost:3000/checkout:0
[914708543ms] [INFO] %cDownload the React DevTools for a better development experience: https://react.dev/link/react-devtools font-weight:bold @ http://localhost:3000/_next/static/chunks/node_modules_next_dist_1e8vcs8._.js:776
[914708548ms] [LOG] [HMR] connected @ http://localhost:3000/_next/static/chunks/node_modules_next_dist_1e8vcs8._.js:776
[914710084ms] [LOG] [Fast Refresh] rebuilding @ http://localhost:3000/_next/static/chunks/node_modules_next_dist_1e8vcs8._.js:776
[914710196ms] [LOG] [Fast Refresh] done in 213ms @ http://localhost:3000/_next/static/chunks/node_modules_next_dist_1e8vcs8._.js:776
[914710700ms] [LOG] [Fast Refresh] rebuilding @ http://localhost:3000/_next/static/chunks/node_modules_next_dist_1e8vcs8._.js:776
[914710732ms] [LOG] [Fast Refresh] done in 135ms @ http://localhost:3000/_next/static/chunks/node_modules_next_dist_1e8vcs8._.js:776
[914710933ms] [LOG] [Fast Refresh] rebuilding @ http://localhost:3000/_next/static/chunks/node_modules_next_dist_1e8vcs8._.js:776
[914711123ms] [LOG] [Fast Refresh] done in 291ms @ http://localhost:3000/_next/static/chunks/node_modules_next_dist_1e8vcs8._.js:776
[914711332ms] [LOG] [Fast Refresh] rebuilding @ http://localhost:3000/_next/static/chunks/node_modules_next_dist_1e8vcs8._.js:776
[914711334ms] [LOG] [Fast Refresh] done in 103ms @ http://localhost:3000/_next/static/chunks/node_modules_next_dist_1e8vcs8._.js:776
[914711901ms] [LOG] [Fast Refresh] rebuilding @ http://localhost:3000/_next/static/chunks/node_modules_next_dist_1e8vcs8._.js:776
[914712326ms] [LOG] [Fast Refresh] done in 526ms @ http://localhost:3000/_next/static/chunks/node_modules_next_dist_1e8vcs8._.js:776
[914726648ms] [LOG] [Fast Refresh] rebuilding @ http://localhost:3000/_next/static/chunks/node_modules_next_dist_1e8vcs8._.js:776
[914726785ms] [LOG] [Fast Refresh] done in 126ms @ http://localhost:3000/_next/static/chunks/node_modules_next_dist_1e8vcs8._.js:776
[914726856ms] [ERROR] Failed to load resource: the server responded with a status of 404 (Not Found) @ http://localhost:3000/checkout?_rsc=7TmJZH1YHwSue7fr:0
[914726866ms] [LOG] [Fast Refresh] done in 126ms @ http://localhost:3000/_next/static/chunks/node_modules_next_dist_1e8vcs8._.js:776
[914726920ms] [LOG] [Fast Refresh] done in 126ms @ http://localhost:3000/_next/static/chunks/node_modules_next_dist_1e8vcs8._.js:776
[914727114ms] [ERROR] Failed to load resource: the server responded with a status of 404 (Not Found) @ http://localhost:3000/checkout:0
[914727323ms] [INFO] %cDownload the React DevTools for a better development experience: https://react.dev/link/react-devtools font-weight:bold @ http://localhost:3000/_next/static/chunks/node_modules_next_dist_1e8vcs8._.js:776
[914727337ms] [LOG] [HMR] connected @ http://localhost:3000/_next/static/chunks/node_modules_next_dist_1e8vcs8._.js:776
[914739137ms] [LOG] [Fast Refresh] rebuilding @ http://localhost:3000/_next/static/chunks/node_modules_next_dist_1e8vcs8._.js:776
[914739218ms] [LOG] [Fast Refresh] done in 182ms @ http://localhost:3000/_next/static/chunks/node_modules_next_dist_1e8vcs8._.js:776
[916214109ms] [LOG] [Fast Refresh] rebuilding @ http://localhost:3000/_next/static/chunks/node_modules_next_dist_1e8vcs8._.js:776
[916214111ms] [LOG] [Fast Refresh] done in 104ms @ http://localhost:3000/_next/static/chunks/node_modules_next_dist_1e8vcs8._.js:776
[916440063ms] [LOG] [Fast Refresh] rebuilding @ http://localhost:3000/_next/static/chunks/node_modules_next_dist_1e8vcs8._.js:776
[916440121ms] [LOG] [Fast Refresh] done in 10ms @ http://localhost:3000/_next/static/chunks/node_modules_next_dist_1e8vcs8._.js:776
[916440172ms] [ERROR] Failed to load resource: the server responded with a status of 404 (Not Found) @ http://localhost:3000/checkout?_rsc=7TmJZH1YHwSue7fr:0
[916440260ms] [LOG] [Fast Refresh] done in 10ms @ http://localhost:3000/_next/static/chunks/node_modules_next_dist_1e8vcs8._.js:776
[916440517ms] [LOG] [Fast Refresh] done in 10ms @ http://localhost:3000/_next/static/chunks/node_modules_next_dist_1e8vcs8._.js:776
[916440642ms] [LOG] [Fast Refresh] done in 10ms @ http://localhost:3000/_next/static/chunks/node_modules_next_dist_1e8vcs8._.js:776
[916440673ms] [ERROR] Failed to load resource: the server responded with a status of 404 (Not Found) @ http://localhost:3000/checkout:0
[916440900ms] [INFO] %cDownload the React DevTools for a better development experience: https://react.dev/link/react-devtools font-weight:bold @ http://localhost:3000/_next/static/chunks/node_modules_next_dist_1e8vcs8._.js:776
[916440917ms] [LOG] [HMR] connected @ http://localhost:3000/_next/static/chunks/node_modules_next_dist_1e8vcs8._.js:776
[916444698ms] [LOG] [Fast Refresh] rebuilding @ http://localhost:3000/_next/static/chunks/node_modules_next_dist_1e8vcs8._.js:776
[916444767ms] [ERROR] Failed to load resource: the server responded with a status of 404 (Not Found) @ http://localhost:3000/checkout?_rsc=7TmJZH1YHwSue7fr:0
[916444783ms] [LOG] [Fast Refresh] done in 18ms @ http://localhost:3000/_next/static/chunks/node_modules_next_dist_1e8vcs8._.js:776
[916444814ms] [LOG] [Fast Refresh] done in 18ms @ http://localhost:3000/_next/static/chunks/node_modules_next_dist_1e8vcs8._.js:776
[916445023ms] [LOG] [Fast Refresh] done in 18ms @ http://localhost:3000/_next/static/chunks/node_modules_next_dist_1e8vcs8._.js:776
[916445137ms] [ERROR] Failed to load resource: the server responded with a status of 404 (Not Found) @ http://localhost:3000/checkout:0
[916445272ms] [INFO] %cDownload the React DevTools for a better development experience: https://react.dev/link/react-devtools font-weight:bold @ http://localhost:3000/_next/static/chunks/node_modules_next_dist_1e8vcs8._.js:776
[916445316ms] [LOG] [HMR] connected @ http://localhost:3000/_next/static/chunks/node_modules_next_dist_1e8vcs8._.js:776
[916454231ms] [LOG] [Fast Refresh] rebuilding @ http://localhost:3000/_next/static/chunks/node_modules_next_dist_1e8vcs8._.js:776
[916454320ms] [ERROR] Failed to load resource: the server responded with a status of 404 (Not Found) @ http://localhost:3000/checkout?_rsc=7TmJZH1YHwSue7fr:0
[916454322ms] [LOG] [Fast Refresh] done in 14ms @ http://localhost:3000/_next/static/chunks/node_modules_next_dist_1e8vcs8._.js:776
[916454610ms] [ERROR] Failed to load resource: the server responded with a status of 404 (Not Found) @ http://localhost:3000/checkout:0
[916454780ms] [INFO] %cDownload the React DevTools for a better development experience: https://react.dev/link/react-devtools font-weight:bold @ http://localhost:3000/_next/static/chunks/node_modules_next_dist_1e8vcs8._.js:776
[916454797ms] [LOG] [HMR] connected @ http://localhost:3000/_next/static/chunks/node_modules_next_dist_1e8vcs8._.js:776
[916471009ms] [LOG] [Fast Refresh] rebuilding @ http://localhost:3000/_next/static/chunks/node_modules_next_dist_1e8vcs8._.js:776
[916471052ms] [ERROR] Failed to load resource: the server responded with a status of 404 (Not Found) @ http://localhost:3000/checkout?_rsc=7TmJZH1YHwSue7fr:0
[916471105ms] [LOG] [Fast Refresh] done in 90ms @ http://localhost:3000/_next/static/chunks/node_modules_next_dist_1e8vcs8._.js:776
[916471205ms] [LOG] [Fast Refresh] done in 90ms @ http://localhost:3000/_next/static/chunks/node_modules_next_dist_1e8vcs8._.js:776
[916471280ms] [LOG] [Fast Refresh] done in 90ms @ http://localhost:3000/_next/static/chunks/node_modules_next_dist_1e8vcs8._.js:776
[916471361ms] [ERROR] Failed to load resource: the server responded with a status of 404 (Not Found) @ http://localhost:3000/checkout:0
[916471468ms] [INFO] %cDownload the React DevTools for a better development experience: https://react.dev/link/react-devtools font-weight:bold @ http://localhost:3000/_next/static/chunks/node_modules_next_dist_1e8vcs8._.js:776
[916471516ms] [LOG] [HMR] connected @ http://localhost:3000/_next/static/chunks/node_modules_next_dist_1e8vcs8._.js:776
[916477463ms] [ERROR] Failed to load resource: the server responded with a status of 404 (Not Found) @ http://localhost:3000/checkout?_rsc=7TmJZH1YHwSue7fr:0
[916477703ms] [ERROR] Failed to load resource: the server responded with a status of 404 (Not Found) @ http://localhost:3000/checkout:0
[916477830ms] [INFO] %cDownload the React DevTools for a better development experience: https://react.dev/link/react-devtools font-weight:bold @ http://localhost:3000/_next/static/chunks/node_modules_next_dist_1e8vcs8._.js:776
[916477846ms] [LOG] [HMR] connected @ http://localhost:3000/_next/static/chunks/node_modules_next_dist_1e8vcs8._.js:776
[916659572ms] [LOG] [Fast Refresh] rebuilding @ http://localhost:3000/_next/static/chunks/node_modules_next_dist_1e8vcs8._.js:776
[916659619ms] [LOG] [Fast Refresh] done in 148ms @ http://localhost:3000/_next/static/chunks/node_modules_next_dist_1e8vcs8._.js:776
[916730366ms] [ERROR] Failed to load resource: the server responded with a status of 404 (Not Found) @ http://localhost:3000/checkout?_rsc=7TmJZH1YHwSue7fr:0
[916730427ms] [LOG] [Fast Refresh] rebuilding @ http://localhost:3000/_next/static/chunks/node_modules_next_dist_1e8vcs8._.js:776
[916730467ms] [LOG] [Fast Refresh] done in 143ms @ http://localhost:3000/_next/static/chunks/node_modules_next_dist_1e8vcs8._.js:776
[916730767ms] [ERROR] Failed to load resource: the server responded with a status of 404 (Not Found) @ http://localhost:3000/checkout:0
[916730907ms] [INFO] %cDownload the React DevTools for a better development experience: https://react.dev/link/react-devtools font-weight:bold @ http://localhost:3000/_next/static/chunks/node_modules_next_dist_1e8vcs8._.js:776
[916730953ms] [LOG] [HMR] connected @ http://localhost:3000/_next/static/chunks/node_modules_next_dist_1e8vcs8._.js:776
[916875704ms] [ERROR] Failed to load resource: the server responded with a status of 404 (Not Found) @ http://localhost:3000/checkout?_rsc=7TmJZH1YHwSue7fr:0
[916876220ms] [ERROR] Failed to load resource: the server responded with a status of 404 (Not Found) @ http://localhost:3000/checkout:0
[916876367ms] [INFO] %cDownload the React DevTools for a better development experience: https://react.dev/link/react-devtools font-weight:bold @ http://localhost:3000/_next/static/chunks/node_modules_next_dist_1e8vcs8._.js:776
[916876377ms] [LOG] [HMR] connected @ http://localhost:3000/_next/static/chunks/node_modules_next_dist_1e8vcs8._.js:776
[916886506ms] [ERROR] Failed to load resource: the server responded with a status of 404 (Not Found) @ http://localhost:3000/checkout?_rsc=7TmJZH1YHwSue7fr:0
[916886936ms] [ERROR] Failed to load resource: the server responded with a status of 404 (Not Found) @ http://localhost:3000/checkout:0
[916887143ms] [INFO] %cDownload the React DevTools for a better development experience: https://react.dev/link/react-devtools font-weight:bold @ http://localhost:3000/_next/static/chunks/node_modules_next_dist_1e8vcs8._.js:776
[916887218ms] [LOG] [HMR] connected @ http://localhost:3000/_next/static/chunks/node_modules_next_dist_1e8vcs8._.js:776
[916893075ms] [ERROR] Failed to load resource: the server responded with a status of 404 (Not Found) @ http://localhost:3000/checkout?_rsc=7TmJZH1YHwSue7fr:0
[916893397ms] [ERROR] Failed to load resource: the server responded with a status of 404 (Not Found) @ http://localhost:3000/checkout:0
[916893500ms] [INFO] %cDownload the React DevTools for a better development experience: https://react.dev/link/react-devtools font-weight:bold @ http://localhost:3000/_next/static/chunks/node_modules_next_dist_1e8vcs8._.js:776
[916893508ms] [LOG] [HMR] connected @ http://localhost:3000/_next/static/chunks/node_modules_next_dist_1e8vcs8._.js:776
[916901521ms] [LOG] [Fast Refresh] rebuilding @ http://localhost:3000/_next/static/chunks/node_modules_next_dist_1e8vcs8._.js:776
[916901644ms] [LOG] [Fast Refresh] done in 34ms @ http://localhost:3000/_next/static/chunks/node_modules_next_dist_1e8vcs8._.js:776
[916901692ms] [ERROR] Failed to load resource: the server responded with a status of 404 (Not Found) @ http://localhost:3000/checkout?_rsc=7TmJZH1YHwSue7fr:0
[916901751ms] [LOG] [Fast Refresh] done in 34ms @ http://localhost:3000/_next/static/chunks/node_modules_next_dist_1e8vcs8._.js:776
[916901836ms] [LOG] [Fast Refresh] done in 34ms @ http://localhost:3000/_next/static/chunks/node_modules_next_dist_1e8vcs8._.js:776
[916901908ms] [LOG] [Fast Refresh] done in 34ms @ http://localhost:3000/_next/static/chunks/node_modules_next_dist_1e8vcs8._.js:776
[916902009ms] [LOG] [Fast Refresh] done in 34ms @ http://localhost:3000/_next/static/chunks/node_modules_next_dist_1e8vcs8._.js:776
[916902009ms] [LOG] [Fast Refresh] done in 34ms @ http://localhost:3000/_next/static/chunks/node_modules_next_dist_1e8vcs8._.js:776
[916902126ms] [ERROR] Failed to load resource: the server responded with a status of 404 (Not Found) @ http://localhost:3000/checkout:0
[916902283ms] [INFO] %cDownload the React DevTools for a better development experience: https://react.dev/link/react-devtools font-weight:bold @ http://localhost:3000/_next/static/chunks/node_modules_next_dist_1e8vcs8._.js:776
[916902327ms] [LOG] [HMR] connected @ http://localhost:3000/_next/static/chunks/node_modules_next_dist_1e8vcs8._.js:776
[916913371ms] [LOG] [Fast Refresh] rebuilding @ http://localhost:3000/_next/static/chunks/node_modules_next_dist_1e8vcs8._.js:776
[916913500ms] [LOG] [Fast Refresh] done in 45ms @ http://localhost:3000/_next/static/chunks/node_modules_next_dist_1e8vcs8._.js:776
[916913535ms] [ERROR] Failed to load resource: the server responded with a status of 404 (Not Found) @ http://localhost:3000/checkout?_rsc=7TmJZH1YHwSue7fr:0
[916913539ms] [LOG] [Fast Refresh] done in 45ms @ http://localhost:3000/_next/static/chunks/node_modules_next_dist_1e8vcs8._.js:776
[916913586ms] [LOG] [Fast Refresh] done in 45ms @ http://localhost:3000/_next/static/chunks/node_modules_next_dist_1e8vcs8._.js:776
[916913710ms] [LOG] [Fast Refresh] done in 45ms @ http://localhost:3000/_next/static/chunks/node_modules_next_dist_1e8vcs8._.js:776
[916913812ms] [LOG] [Fast Refresh] done in 45ms @ http://localhost:3000/_next/static/chunks/node_modules_next_dist_1e8vcs8._.js:776
[916913884ms] [ERROR] Failed to load resource: the server responded with a status of 404 (Not Found) @ http://localhost:3000/checkout:0
[916914165ms] [INFO] %cDownload the React DevTools for a better development experience: https://react.dev/link/react-devtools font-weight:bold @ http://localhost:3000/_next/static/chunks/node_modules_next_dist_1e8vcs8._.js:776
[916914182ms] [LOG] [HMR] connected @ http://localhost:3000/_next/static/chunks/node_modules_next_dist_1e8vcs8._.js:776
[917216954ms] [LOG] [Fast Refresh] rebuilding @ http://localhost:3000/_next/static/chunks/node_modules_next_dist_1e8vcs8._.js:776
[917217040ms] [LOG] [Fast Refresh] done in 117ms @ http://localhost:3000/_next/static/chunks/node_modules_next_dist_1e8vcs8._.js:776
[917217090ms] [ERROR] Failed to load resource: the server responded with a status of 404 (Not Found) @ http://localhost:3000/checkout?_rsc=7TmJZH1YHwSue7fr:0
[917217101ms] [LOG] [Fast Refresh] done in 117ms @ http://localhost:3000/_next/static/chunks/node_modules_next_dist_1e8vcs8._.js:776
[917217214ms] [LOG] [Fast Refresh] done in 117ms @ http://localhost:3000/_next/static/chunks/node_modules_next_dist_1e8vcs8._.js:776
[917217374ms] [LOG] [Fast Refresh] done in 117ms @ http://localhost:3000/_next/static/chunks/node_modules_next_dist_1e8vcs8._.js:776
[917217542ms] [LOG] [Fast Refresh] done in 117ms @ http://localhost:3000/_next/static/chunks/node_modules_next_dist_1e8vcs8._.js:776
[917217553ms] [ERROR] Failed to load resource: the server responded with a status of 404 (Not Found) @ http://localhost:3000/checkout:0
[917217746ms] [INFO] %cDownload the React DevTools for a better development experience: https://react.dev/link/react-devtools font-weight:bold @ http://localhost:3000/_next/static/chunks/node_modules_next_dist_1e8vcs8._.js:776
[917217794ms] [LOG] [HMR] connected @ http://localhost:3000/_next/static/chunks/node_modules_next_dist_1e8vcs8._.js:776
[917229603ms] [LOG] [Fast Refresh] rebuilding @ http://localhost:3000/_next/static/chunks/node_modules_next_dist_1e8vcs8._.js:776
[917229659ms] [ERROR] Failed to load resource: the server responded with a status of 404 (Not Found) @ http://localhost:3000/checkout?_rsc=7TmJZH1YHwSue7fr:0
[917229721ms] [LOG] [Fast Refresh] done in 27ms @ http://localhost:3000/_next/static/chunks/node_modules_next_dist_1e8vcs8._.js:776
[917229782ms] [LOG] [Fast Refresh] done in 27ms @ http://localhost:3000/_next/static/chunks/node_modules_next_dist_1e8vcs8._.js:776
[917229862ms] [LOG] [Fast Refresh] done in 27ms @ http://localhost:3000/_next/static/chunks/node_modules_next_dist_1e8vcs8._.js:776
[917229962ms] [LOG] [Fast Refresh] done in 27ms @ http://localhost:3000/_next/static/chunks/node_modules_next_dist_1e8vcs8._.js:776
[917229990ms] [LOG] [Fast Refresh] done in 27ms @ http://localhost:3000/_next/static/chunks/node_modules_next_dist_1e8vcs8._.js:776
[917230083ms] [ERROR] Failed to load resource: the server responded with a status of 404 (Not Found) @ http://localhost:3000/checkout:0
[917230223ms] [INFO] %cDownload the React DevTools for a better development experience: https://react.dev/link/react-devtools font-weight:bold @ http://localhost:3000/_next/static/chunks/node_modules_next_dist_1e8vcs8._.js:776
[917230278ms] [LOG] [HMR] connected @ http://localhost:3000/_next/static/chunks/node_modules_next_dist_1e8vcs8._.js:776
[917242054ms] [LOG] [Fast Refresh] rebuilding @ http://localhost:3000/_next/static/chunks/node_modules_next_dist_1e8vcs8._.js:776
[917242090ms] [ERROR] Failed to load resource: the server responded with a status of 404 (Not Found) @ http://localhost:3000/checkout?_rsc=7TmJZH1YHwSue7fr:0
[917242162ms] [LOG] [Fast Refresh] done in 9ms @ http://localhost:3000/_next/static/chunks/node_modules_next_dist_1e8vcs8._.js:776
[917242249ms] [LOG] [Fast Refresh] done in 9ms @ http://localhost:3000/_next/static/chunks/node_modules_next_dist_1e8vcs8._.js:776
[917242405ms] [ERROR] Failed to load resource: the server responded with a status of 404 (Not Found) @ http://localhost:3000/checkout:0
[917242594ms] [INFO] %cDownload the React DevTools for a better development experience: https://react.dev/link/react-devtools font-weight:bold @ http://localhost:3000/_next/static/chunks/node_modules_next_dist_1e8vcs8._.js:776
[917242609ms] [LOG] [HMR] connected @ http://localhost:3000/_next/static/chunks/node_modules_next_dist_1e8vcs8._.js:776
[917255363ms] [ERROR] Failed to load resource: the server responded with a status of 404 (Not Found) @ http://localhost:3000/checkout?_rsc=7TmJZH1YHwSue7fr:0
[917255695ms] [ERROR] Failed to load resource: the server responded with a status of 404 (Not Found) @ http://localhost:3000/checkout:0
[917255817ms] [INFO] %cDownload the React DevTools for a better development experience: https://react.dev/link/react-devtools font-weight:bold @ http://localhost:3000/_next/static/chunks/node_modules_next_dist_1e8vcs8._.js:776
[917255899ms] [LOG] [HMR] connected @ http://localhost:3000/_next/static/chunks/node_modules_next_dist_1e8vcs8._.js:776
[917259552ms] [ERROR] Failed to load resource: the server responded with a status of 404 (Not Found) @ http://localhost:3000/checkout?_rsc=7TmJZH1YHwSue7fr:0
[917259913ms] [ERROR] Failed to load resource: the server responded with a status of 404 (Not Found) @ http://localhost:3000/checkout?_rsc=7TmJZH1YHwSue7fr:0
[917260054ms] [ERROR] Failed to load resource: the server responded with a status of 404 (Not Found) @ http://localhost:3000/checkout:0
[917260313ms] [INFO] %cDownload the React DevTools for a better development experience: https://react.dev/link/react-devtools font-weight:bold @ http://localhost:3000/_next/static/chunks/node_modules_next_dist_1e8vcs8._.js:776
[917260396ms] [LOG] [HMR] connected @ http://localhost:3000/_next/static/chunks/node_modules_next_dist_1e8vcs8._.js:776
[917264665ms] [LOG] [Fast Refresh] rebuilding @ http://localhost:3000/_next/static/chunks/node_modules_next_dist_1e8vcs8._.js:776
[917264693ms] [LOG] [Fast Refresh] done in 128ms @ http://localhost:3000/_next/static/chunks/node_modules_next_dist_1e8vcs8._.js:776
[917265354ms] [LOG] [Fast Refresh] rebuilding @ http://localhost:3000/_next/static/chunks/node_modules_next_dist_1e8vcs8._.js:776
[917265459ms] [LOG] [Fast Refresh] done in 207ms @ http://localhost:3000/_next/static/chunks/node_modules_next_dist_1e8vcs8._.js:776
[917266488ms] [LOG] [Fast Refresh] rebuilding @ http://localhost:3000/_next/static/chunks/node_modules_next_dist_1e8vcs8._.js:776
[917266495ms] [LOG] [Fast Refresh] done in 108ms @ http://localhost:3000/_next/static/chunks/node_modules_next_dist_1e8vcs8._.js:776
[917271138ms] [LOG] [Fast Refresh] rebuilding @ http://localhost:3000/_next/static/chunks/node_modules_next_dist_1e8vcs8._.js:776
[917271240ms] [LOG] [Fast Refresh] done in 75ms @ http://localhost:3000/_next/static/chunks/node_modules_next_dist_1e8vcs8._.js:776
[917271566ms] [ERROR] Failed to load resource: the server responded with a status of 404 (Not Found) @ http://localhost:3000/checkout?_rsc=7TmJZH1YHwSue7fr:0
[917271820ms] [ERROR] Failed to load resource: the server responded with a status of 404 (Not Found) @ http://localhost:3000/checkout:0
[917271871ms] [INFO] %cDownload the React DevTools for a better development experience: https://react.dev/link/react-devtools font-weight:bold @ http://localhost:3000/_next/static/chunks/node_modules_next_dist_1e8vcs8._.js:776
[917271887ms] [LOG] [HMR] connected @ http://localhost:3000/_next/static/chunks/node_modules_next_dist_1e8vcs8._.js:776
[917278717ms] [ERROR] Failed to load resource: the server responded with a status of 404 (Not Found) @ http://localhost:3000/checkout?_rsc=7TmJZH1YHwSue7fr:0
[917279274ms] [ERROR] Failed to load resource: the server responded with a status of 404 (Not Found) @ http://localhost:3000/checkout:0
[917279418ms] [INFO] %cDownload the React DevTools for a better development experience: https://react.dev/link/react-devtools font-weight:bold @ http://localhost:3000/_next/static/chunks/node_modules_next_dist_1e8vcs8._.js:776
[917279435ms] [LOG] [HMR] connected @ http://localhost:3000/_next/static/chunks/node_modules_next_dist_1e8vcs8._.js:776
[917291219ms] [LOG] [Fast Refresh] rebuilding @ http://localhost:3000/_next/static/chunks/node_modules_next_dist_1e8vcs8._.js:776
[917291444ms] [ERROR] Failed to load resource: the server responded with a status of 404 (Not Found) @ http://localhost:3000/checkout?_rsc=7TmJZH1YHwSue7fr:0
[917291447ms] [LOG] [Fast Refresh] done in 47ms @ http://localhost:3000/_next/static/chunks/node_modules_next_dist_1e8vcs8._.js:776
[917291510ms] [LOG] [Fast Refresh] done in 47ms @ http://localhost:3000/_next/static/chunks/node_modules_next_dist_1e8vcs8._.js:776
[917291569ms] [LOG] [Fast Refresh] done in 47ms @ http://localhost:3000/_next/static/chunks/node_modules_next_dist_1e8vcs8._.js:776
[917291668ms] [LOG] [Fast Refresh] done in 47ms @ http://localhost:3000/_next/static/chunks/node_modules_next_dist_1e8vcs8._.js:776
[917291755ms] [ERROR] Failed to load resource: the server responded with a status of 404 (Not Found) @ http://localhost:3000/checkout:0
[917292004ms] [INFO] %cDownload the React DevTools for a better development experience: https://react.dev/link/react-devtools font-weight:bold @ http://localhost:3000/_next/static/chunks/node_modules_next_dist_1e8vcs8._.js:776
[917292019ms] [LOG] [HMR] connected @ http://localhost:3000/_next/static/chunks/node_modules_next_dist_1e8vcs8._.js:776
[923478928ms] [LOG] [Fast Refresh] rebuilding @ http://localhost:3000/_next/static/chunks/node_modules_next_dist_1e8vcs8._.js:776
[923479071ms] [LOG] [Fast Refresh] done in 246ms @ http://localhost:3000/_next/static/chunks/node_modules_next_dist_1e8vcs8._.js:776
[923662454ms] [LOG] [Fast Refresh] rebuilding @ http://localhost:3000/_next/static/chunks/node_modules_next_dist_1e8vcs8._.js:776
[923662745ms] [LOG] [Fast Refresh] done in 359ms @ http://localhost:3000/_next/static/chunks/node_modules_next_dist_1e8vcs8._.js:776
[923662817ms] [ERROR] Failed to load resource: the server responded with a status of 404 (Not Found) @ http://localhost:3000/checkout?_rsc=7TmJZH1YHwSue7fr:0
[923663297ms] [ERROR] Failed to load resource: the server responded with a status of 404 (Not Found) @ http://localhost:3000/checkout:0
[923663674ms] [INFO] %cDownload the React DevTools for a better development experience: https://react.dev/link/react-devtools font-weight:bold @ http://localhost:3000/_next/static/chunks/node_modules_next_dist_1e8vcs8._.js:776
[923663733ms] [LOG] [HMR] connected @ http://localhost:3000/_next/static/chunks/node_modules_next_dist_1e8vcs8._.js:776
[923681660ms] [LOG] [Fast Refresh] rebuilding @ http://localhost:3000/_next/static/chunks/node_modules_next_dist_1e8vcs8._.js:776
[923681822ms] [LOG] [Fast Refresh] done in 235ms @ http://localhost:3000/_next/static/chunks/node_modules_next_dist_1e8vcs8._.js:776
[923681891ms] [ERROR] Failed to load resource: the server responded with a status of 404 (Not Found) @ http://localhost:3000/checkout?_rsc=7TmJZH1YHwSue7fr:0
[923681928ms] [LOG] [Fast Refresh] done in 235ms @ http://localhost:3000/_next/static/chunks/node_modules_next_dist_1e8vcs8._.js:776
[923681964ms] [LOG] [Fast Refresh] done in 235ms @ http://localhost:3000/_next/static/chunks/node_modules_next_dist_1e8vcs8._.js:776
[923682069ms] [LOG] [Fast Refresh] done in 235ms @ http://localhost:3000/_next/static/chunks/node_modules_next_dist_1e8vcs8._.js:776
[923682132ms] [LOG] [Fast Refresh] done in 235ms @ http://localhost:3000/_next/static/chunks/node_modules_next_dist_1e8vcs8._.js:776
[923682227ms] [LOG] [Fast Refresh] done in 235ms @ http://localhost:3000/_next/static/chunks/node_modules_next_dist_1e8vcs8._.js:776
[923682260ms] [ERROR] Failed to load resource: the server responded with a status of 404 (Not Found) @ http://localhost:3000/checkout:0
[923682466ms] [INFO] %cDownload the React DevTools for a better development experience: https://react.dev/link/react-devtools font-weight:bold @ http://localhost:3000/_next/static/chunks/node_modules_next_dist_1e8vcs8._.js:776
[923682524ms] [LOG] [HMR] connected @ http://localhost:3000/_next/static/chunks/node_modules_next_dist_1e8vcs8._.js:776
[923692288ms] [ERROR] Failed to load resource: the server responded with a status of 404 (Not Found) @ http://localhost:3000/checkout?_rsc=7TmJZH1YHwSue7fr:0
[923692783ms] [ERROR] Failed to load resource: the server responded with a status of 404 (Not Found) @ http://localhost:3000/checkout:0
[923692983ms] [INFO] %cDownload the React DevTools for a better development experience: https://react.dev/link/react-devtools font-weight:bold @ http://localhost:3000/_next/static/chunks/node_modules_next_dist_1e8vcs8._.js:776
[923693016ms] [LOG] [HMR] connected @ http://localhost:3000/_next/static/chunks/node_modules_next_dist_1e8vcs8._.js:776
[923700969ms] [ERROR] Failed to load resource: the server responded with a status of 404 (Not Found) @ http://localhost:3000/checkout?_rsc=7TmJZH1YHwSue7fr:0
[923701461ms] [ERROR] Failed to load resource: the server responded with a status of 404 (Not Found) @ http://localhost:3000/checkout:0
[923701689ms] [INFO] %cDownload the React DevTools for a better development experience: https://react.dev/link/react-devtools font-weight:bold @ http://localhost:3000/_next/static/chunks/node_modules_next_dist_1e8vcs8._.js:776
[923701714ms] [LOG] [HMR] connected @ http://localhost:3000/_next/static/chunks/node_modules_next_dist_1e8vcs8._.js:776
[923736834ms] [ERROR] Failed to load resource: the server responded with a status of 404 (Not Found) @ http://localhost:3000/checkout?_rsc=7TmJZH1YHwSue7fr:0
[923737582ms] [ERROR] Failed to load resource: the server responded with a status of 404 (Not Found) @ http://localhost:3000/checkout:0
[923737847ms] [INFO] %cDownload the React DevTools for a better development experience: https://react.dev/link/react-devtools font-weight:bold @ http://localhost:3000/_next/static/chunks/node_modules_next_dist_1e8vcs8._.js:776
[923737896ms] [LOG] [HMR] connected @ http://localhost:3000/_next/static/chunks/node_modules_next_dist_1e8vcs8._.js:776
[923917130ms] [ERROR] Failed to load resource: the server responded with a status of 404 (Not Found) @ http://localhost:3000/checkout?_rsc=7TmJZH1YHwSue7fr:0
[923917898ms] [ERROR] Failed to load resource: the server responded with a status of 404 (Not Found) @ http://localhost:3000/checkout?_rsc=7TmJZH1YHwSue7fr:0
[923918030ms] [ERROR] Failed to load resource: the server responded with a status of 404 (Not Found) @ http://localhost:3000/checkout:0
[923918238ms] [INFO] %cDownload the React DevTools for a better development experience: https://react.dev/link/react-devtools font-weight:bold @ http://localhost:3000/_next/static/chunks/node_modules_next_dist_1e8vcs8._.js:776
[923918259ms] [LOG] [HMR] connected @ http://localhost:3000/_next/static/chunks/node_modules_next_dist_1e8vcs8._.js:776
[923922265ms] [LOG] [Fast Refresh] rebuilding @ http://localhost:3000/_next/static/chunks/node_modules_next_dist_1e8vcs8._.js:776
[923922280ms] [LOG] [Fast Refresh] done in 116ms @ http://localhost:3000/_next/static/chunks/node_modules_next_dist_1e8vcs8._.js:776
[923926108ms] [LOG] [Fast Refresh] rebuilding @ http://localhost:3000/_next/static/chunks/node_modules_next_dist_1e8vcs8._.js:776
[923926283ms] [LOG] [Fast Refresh] done in 276ms @ http://localhost:3000/_next/static/chunks/node_modules_next_dist_1e8vcs8._.js:776
[923936621ms] [LOG] [Fast Refresh] rebuilding @ http://localhost:3000/_next/static/chunks/node_modules_next_dist_1e8vcs8._.js:776
[923936906ms] [LOG] [Fast Refresh] done in 182ms @ http://localhost:3000/_next/static/chunks/node_modules_next_dist_1e8vcs8._.js:776
[923936957ms] [ERROR] Failed to load resource: the server responded with a status of 404 (Not Found) @ http://localhost:3000/checkout?_rsc=7TmJZH1YHwSue7fr:0
[923936985ms] [LOG] [Fast Refresh] done in 182ms @ http://localhost:3000/_next/static/chunks/node_modules_next_dist_1e8vcs8._.js:776
[923937054ms] [LOG] [Fast Refresh] done in 182ms @ http://localhost:3000/_next/static/chunks/node_modules_next_dist_1e8vcs8._.js:776
[923937180ms] [LOG] [Fast Refresh] done in 182ms @ http://localhost:3000/_next/static/chunks/node_modules_next_dist_1e8vcs8._.js:776
[923937214ms] [LOG] [Fast Refresh] done in 182ms @ http://localhost:3000/_next/static/chunks/node_modules_next_dist_1e8vcs8._.js:776
[923937267ms] [LOG] [Fast Refresh] done in 182ms @ http://localhost:3000/_next/static/chunks/node_modules_next_dist_1e8vcs8._.js:776
[923937310ms] [LOG] [Fast Refresh] done in 182ms @ http://localhost:3000/_next/static/chunks/node_modules_next_dist_1e8vcs8._.js:776
[923937415ms] [ERROR] Failed to load resource: the server responded with a status of 404 (Not Found) @ http://localhost:3000/checkout:0
[923937647ms] [INFO] %cDownload the React DevTools for a better development experience: https://react.dev/link/react-devtools font-weight:bold @ http://localhost:3000/_next/static/chunks/node_modules_next_dist_1e8vcs8._.js:776
[923937690ms] [LOG] [HMR] connected @ http://localhost:3000/_next/static/chunks/node_modules_next_dist_1e8vcs8._.js:776
[926010939ms] [LOG] [Fast Refresh] rebuilding @ http://localhost:3000/_next/static/chunks/node_modules_next_dist_1e8vcs8._.js:776
[926011018ms] [LOG] [Fast Refresh] done in 149ms @ http://localhost:3000/_next/static/chunks/node_modules_next_dist_1e8vcs8._.js:776
[926011202ms] [LOG] [Fast Refresh] done in 149ms @ http://localhost:3000/_next/static/chunks/node_modules_next_dist_1e8vcs8._.js:776
[926011244ms] [ERROR] Failed to load resource: the server responded with a status of 404 (Not Found) @ http://localhost:3000/checkout?_rsc=7TmJZH1YHwSue7fr:0
[926011278ms] [LOG] [Fast Refresh] done in 149ms @ http://localhost:3000/_next/static/chunks/node_modules_next_dist_1e8vcs8._.js:776
[926011380ms] [LOG] [Fast Refresh] done in 149ms @ http://localhost:3000/_next/static/chunks/node_modules_next_dist_1e8vcs8._.js:776
[926011431ms] [LOG] [Fast Refresh] done in 149ms @ http://localhost:3000/_next/static/chunks/node_modules_next_dist_1e8vcs8._.js:776
[926011667ms] [LOG] [Fast Refresh] done in 149ms @ http://localhost:3000/_next/static/chunks/node_modules_next_dist_1e8vcs8._.js:776
[926011699ms] [LOG] [Fast Refresh] done in 149ms @ http://localhost:3000/_next/static/chunks/node_modules_next_dist_1e8vcs8._.js:776
[926011854ms] [ERROR] Failed to load resource: the server responded with a status of 404 (Not Found) @ http://localhost:3000/checkout:0
[926012231ms] [INFO] %cDownload the React DevTools for a better development experience: https://react.dev/link/react-devtools font-weight:bold @ http://localhost:3000/_next/static/chunks/node_modules_next_dist_1e8vcs8._.js:776
[926012298ms] [LOG] [HMR] connected @ http://localhost:3000/_next/static/chunks/node_modules_next_dist_1e8vcs8._.js:776
[926016892ms] [LOG] [Fast Refresh] rebuilding @ http://localhost:3000/_next/static/chunks/node_modules_next_dist_1e8vcs8._.js:776
[926016982ms] [LOG] [Fast Refresh] done in 82ms @ http://localhost:3000/_next/static/chunks/node_modules_next_dist_1e8vcs8._.js:776
[926017033ms] [ERROR] Failed to load resource: the server responded with a status of 404 (Not Found) @ http://localhost:3000/checkout?_rsc=7TmJZH1YHwSue7fr:0
[926017055ms] [LOG] [Fast Refresh] done in 82ms @ http://localhost:3000/_next/static/chunks/node_modules_next_dist_1e8vcs8._.js:776
[926017111ms] [LOG] [Fast Refresh] done in 82ms @ http://localhost:3000/_next/static/chunks/node_modules_next_dist_1e8vcs8._.js:776
[926017149ms] [LOG] [Fast Refresh] done in 82ms @ http://localhost:3000/_next/static/chunks/node_modules_next_dist_1e8vcs8._.js:776
[926017225ms] [LOG] [Fast Refresh] done in 82ms @ http://localhost:3000/_next/static/chunks/node_modules_next_dist_1e8vcs8._.js:776
[926018020ms] [LOG] [Fast Refresh] done in 82ms @ http://localhost:3000/_next/static/chunks/node_modules_next_dist_1e8vcs8._.js:776
[926018044ms] [ERROR] Failed to load resource: the server responded with a status of 404 (Not Found) @ http://localhost:3000/checkout:0
[926018388ms] [INFO] %cDownload the React DevTools for a better development experience: https://react.dev/link/react-devtools font-weight:bold @ http://localhost:3000/_next/static/chunks/node_modules_next_dist_1e8vcs8._.js:776
[926018437ms] [LOG] [HMR] connected @ http://localhost:3000/_next/static/chunks/node_modules_next_dist_1e8vcs8._.js:776
[927510484ms] [LOG] [Fast Refresh] rebuilding @ http://localhost:3000/_next/static/chunks/node_modules_next_dist_1e8vcs8._.js:776
[927511006ms] [LOG] [Fast Refresh] done in 589ms @ http://localhost:3000/_next/static/chunks/node_modules_next_dist_1e8vcs8._.js:776
[927511085ms] [ERROR] Failed to load resource: the server responded with a status of 404 (Not Found) @ http://localhost:3000/checkout?_rsc=7TmJZH1YHwSue7fr:0
[927511621ms] [ERROR] Failed to load resource: the server responded with a status of 404 (Not Found) @ http://localhost:3000/checkout:0
[927511853ms] [INFO] %cDownload the React DevTools for a better development experience: https://react.dev/link/react-devtools font-weight:bold @ http://localhost:3000/_next/static/chunks/node_modules_next_dist_1e8vcs8._.js:776
[927511898ms] [LOG] [HMR] connected @ http://localhost:3000/_next/static/chunks/node_modules_next_dist_1e8vcs8._.js:776
[927918834ms] [LOG] [Fast Refresh] done in 3617ms @ http://localhost:3000/_next/static/chunks/node_modules_next_dist_1e8vcs8._.js:776
[927919011ms] [LOG] [Fast Refresh] done in 3617ms @ http://localhost:3000/_next/static/chunks/node_modules_next_dist_1e8vcs8._.js:776
[927919150ms] [LOG] [Fast Refresh] done in 3617ms @ http://localhost:3000/_next/static/chunks/node_modules_next_dist_1e8vcs8._.js:776
[927919192ms] [ERROR] Failed to load resource: the server responded with a status of 404 (Not Found) @ http://localhost:3000/checkout?_rsc=7TmJZH1YHwSue7fr:0
[927919251ms] [LOG] [Fast Refresh] done in 3617ms @ http://localhost:3000/_next/static/chunks/node_modules_next_dist_1e8vcs8._.js:776
[927919334ms] [LOG] [Fast Refresh] done in 3617ms @ http://localhost:3000/_next/static/chunks/node_modules_next_dist_1e8vcs8._.js:776
[927919575ms] [LOG] [Fast Refresh] done in 3617ms @ http://localhost:3000/_next/static/chunks/node_modules_next_dist_1e8vcs8._.js:776
[927919829ms] [ERROR] Failed to load resource: the server responded with a status of 404 (Not Found) @ http://localhost:3000/checkout?_rsc=7TmJZH1YHwSue7fr:0
[927920000ms] [ERROR] Failed to load resource: the server responded with a status of 404 (Not Found) @ http://localhost:3000/checkout:0
[927920129ms] [INFO] %cDownload the React DevTools for a better development experience: https://react.dev/link/react-devtools font-weight:bold @ http://localhost:3000/_next/static/chunks/node_modules_next_dist_1e8vcs8._.js:776
[927920158ms] [LOG] [HMR] connected @ http://localhost:3000/_next/static/chunks/node_modules_next_dist_1e8vcs8._.js:776
[927933269ms] [LOG] [Fast Refresh] rebuilding @ http://localhost:3000/_next/static/chunks/node_modules_next_dist_1e8vcs8._.js:776
[927933276ms] [LOG] [Fast Refresh] done in 109ms @ http://localhost:3000/_next/static/chunks/node_modules_next_dist_1e8vcs8._.js:776
[927934353ms] [LOG] [Fast Refresh] rebuilding @ http://localhost:3000/_next/static/chunks/node_modules_next_dist_1e8vcs8._.js:776
[927934356ms] [LOG] [Fast Refresh] done in 104ms @ http://localhost:3000/_next/static/chunks/node_modules_next_dist_1e8vcs8._.js:776
[927935071ms] [LOG] [Fast Refresh] rebuilding @ http://localhost:3000/_next/static/chunks/node_modules_next_dist_1e8vcs8._.js:776
[927935453ms] [LOG] [Fast Refresh] done in 421ms @ http://localhost:3000/_next/static/chunks/node_modules_next_dist_1e8vcs8._.js:776
[927935607ms] [ERROR] Failed to load resource: the server responded with a status of 404 (Not Found) @ http://localhost:3000/checkout?_rsc=7TmJZH1YHwSue7fr:0
[927935891ms] [ERROR] Failed to load resource: the server responded with a status of 404 (Not Found) @ http://localhost:3000/checkout:0
[927936018ms] [INFO] %cDownload the React DevTools for a better development experience: https://react.dev/link/react-devtools font-weight:bold @ http://localhost:3000/_next/static/chunks/node_modules_next_dist_1e8vcs8._.js:776
[927936027ms] [LOG] [HMR] connected @ http://localhost:3000/_next/static/chunks/node_modules_next_dist_1e8vcs8._.js:776
[927939271ms] [LOG] [Fast Refresh] rebuilding @ http://localhost:3000/_next/static/chunks/node_modules_next_dist_1e8vcs8._.js:776
[927939274ms] [LOG] [Fast Refresh] done in 103ms @ http://localhost:3000/_next/static/chunks/node_modules_next_dist_1e8vcs8._.js:776
[927944537ms] [LOG] [Fast Refresh] rebuilding @ http://localhost:3000/_next/static/chunks/node_modules_next_dist_1e8vcs8._.js:776
[927944593ms] [LOG] [Fast Refresh] done in 37ms @ http://localhost:3000/_next/static/chunks/node_modules_next_dist_1e8vcs8._.js:776
[927944674ms] [ERROR] Failed to load resource: the server responded with a status of 404 (Not Found) @ http://localhost:3000/checkout?_rsc=7TmJZH1YHwSue7fr:0
[927944682ms] [LOG] [Fast Refresh] done in 37ms @ http://localhost:3000/_next/static/chunks/node_modules_next_dist_1e8vcs8._.js:776
[927944903ms] [LOG] [Fast Refresh] done in 37ms @ http://localhost:3000/_next/static/chunks/node_modules_next_dist_1e8vcs8._.js:776
[927944991ms] [LOG] [Fast Refresh] done in 37ms @ http://localhost:3000/_next/static/chunks/node_modules_next_dist_1e8vcs8._.js:776
[927945059ms] [LOG] [Fast Refresh] done in 37ms @ http://localhost:3000/_next/static/chunks/node_modules_next_dist_1e8vcs8._.js:776
[927945135ms] [ERROR] Failed to load resource: the server responded with a status of 404 (Not Found) @ http://localhost:3000/checkout:0
[927945248ms] [INFO] %cDownload the React DevTools for a better development experience: https://react.dev/link/react-devtools font-weight:bold @ http://localhost:3000/_next/static/chunks/node_modules_next_dist_1e8vcs8._.js:776
[927945270ms] [LOG] [HMR] connected @ http://localhost:3000/_next/static/chunks/node_modules_next_dist_1e8vcs8._.js:776
[927960094ms] [LOG] [Fast Refresh] done in 9157ms @ http://localhost:3000/_next/static/chunks/node_modules_next_dist_1e8vcs8._.js:776
[927960167ms] [LOG] [Fast Refresh] done in 9157ms @ http://localhost:3000/_next/static/chunks/node_modules_next_dist_1e8vcs8._.js:776
[927960610ms] [ERROR] Failed to load resource: the server responded with a status of 404 (Not Found) @ http://localhost:3000/checkout?_rsc=7TmJZH1YHwSue7fr:0
[927960611ms] [LOG] [Fast Refresh] done in 9157ms @ http://localhost:3000/_next/static/chunks/node_modules_next_dist_1e8vcs8._.js:776
[927960626ms] [LOG] [Fast Refresh] done in 9157ms @ http://localhost:3000/_next/static/chunks/node_modules_next_dist_1e8vcs8._.js:776
[927960691ms] [LOG] [Fast Refresh] done in 9157ms @ http://localhost:3000/_next/static/chunks/node_modules_next_dist_1e8vcs8._.js:776
[927960722ms] [LOG] [Fast Refresh] done in 9157ms @ http://localhost:3000/_next/static/chunks/node_modules_next_dist_1e8vcs8._.js:776
[927960812ms] [LOG] [Fast Refresh] done in 9157ms @ http://localhost:3000/_next/static/chunks/node_modules_next_dist_1e8vcs8._.js:776
[927960889ms] [LOG] [Fast Refresh] done in 9157ms @ http://localhost:3000/_next/static/chunks/node_modules_next_dist_1e8vcs8._.js:776
[927960911ms] [ERROR] Failed to load resource: the server responded with a status of 404 (Not Found) @ http://localhost:3000/checkout:0
[927961042ms] [INFO] %cDownload the React DevTools for a better development experience: https://react.dev/link/react-devtools font-weight:bold @ http://localhost:3000/_next/static/chunks/node_modules_next_dist_1e8vcs8._.js:776
[927961070ms] [LOG] [HMR] connected @ http://localhost:3000/_next/static/chunks/node_modules_next_dist_1e8vcs8._.js:776
[928138835ms] [LOG] [Fast Refresh] rebuilding @ http://localhost:3000/_next/static/chunks/node_modules_next_dist_1e8vcs8._.js:776
[928138867ms] [LOG] [Fast Refresh] done in 24ms @ http://localhost:3000/_next/static/chunks/node_modules_next_dist_1e8vcs8._.js:776
[928138992ms] [ERROR] Failed to load resource: the server responded with a status of 404 (Not Found) @ http://localhost:3000/checkout?_rsc=7TmJZH1YHwSue7fr:0
[928138998ms] [LOG] [Fast Refresh] done in 24ms @ http://localhost:3000/_next/static/chunks/node_modules_next_dist_1e8vcs8._.js:776
[928139133ms] [LOG] [Fast Refresh] done in 24ms @ http://localhost:3000/_next/static/chunks/node_modules_next_dist_1e8vcs8._.js:776
[928139378ms] [LOG] [Fast Refresh] done in 24ms @ http://localhost:3000/_next/static/chunks/node_modules_next_dist_1e8vcs8._.js:776
[928139465ms] [ERROR] Failed to load resource: the server responded with a status of 404 (Not Found) @ http://localhost:3000/checkout:0
[928139673ms] [INFO] %cDownload the React DevTools for a better development experience: https://react.dev/link/react-devtools font-weight:bold @ http://localhost:3000/_next/static/chunks/node_modules_next_dist_1e8vcs8._.js:776
[928139736ms] [LOG] [HMR] connected @ http://localhost:3000/_next/static/chunks/node_modules_next_dist_1e8vcs8._.js:776
[928313850ms] [LOG] [Fast Refresh] rebuilding @ http://localhost:3000/_next/static/chunks/node_modules_next_dist_1e8vcs8._.js:776
[928313892ms] [LOG] [Fast Refresh] done in 144ms @ http://localhost:3000/_next/static/chunks/node_modules_next_dist_1e8vcs8._.js:776
[928314102ms] [ERROR] Failed to load resource: the server responded with a status of 404 (Not Found) @ http://localhost:3000/checkout?_rsc=7TmJZH1YHwSue7fr:0
[928314366ms] [LOG] [Fast Refresh] done in 510ms @ http://localhost:3000/_next/static/chunks/node_modules_next_dist_1e8vcs8._.js:776
[928314627ms] [ERROR] Failed to load resource: the server responded with a status of 404 (Not Found) @ http://localhost:3000/checkout?_rsc=7TmJZH1YHwSue7fr:0
[928314754ms] [ERROR] Failed to load resource: the server responded with a status of 404 (Not Found) @ http://localhost:3000/checkout:0
[928314973ms] [INFO] %cDownload the React DevTools for a better development experience: https://react.dev/link/react-devtools font-weight:bold @ http://localhost:3000/_next/static/chunks/node_modules_next_dist_1e8vcs8._.js:776
[928315026ms] [LOG] [HMR] connected @ http://localhost:3000/_next/static/chunks/node_modules_next_dist_1e8vcs8._.js:776
[928330318ms] [LOG] [Fast Refresh] rebuilding @ http://localhost:3000/_next/static/chunks/node_modules_next_dist_1e8vcs8._.js:776
[928330332ms] [LOG] [Fast Refresh] done in 114ms @ http://localhost:3000/_next/static/chunks/node_modules_next_dist_1e8vcs8._.js:776
[928337603ms] [LOG] [Fast Refresh] rebuilding @ http://localhost:3000/_next/static/chunks/node_modules_next_dist_1e8vcs8._.js:776
[928337934ms] [LOG] [Fast Refresh] done in 431ms @ http://localhost:3000/_next/static/chunks/node_modules_next_dist_1e8vcs8._.js:776
[928338122ms] [LOG] [Fast Refresh] done in 497ms @ http://localhost:3000/_next/static/chunks/node_modules_next_dist_1e8vcs8._.js:776
[928338278ms] [ERROR] Failed to load resource: the server responded with a status of 404 (Not Found) @ http://localhost:3000/checkout?_rsc=7TmJZH1YHwSue7fr:0
[928338351ms] [LOG] [Fast Refresh] done in 497ms @ http://localhost:3000/_next/static/chunks/node_modules_next_dist_1e8vcs8._.js:776
[928338544ms] [LOG] [Fast Refresh] done in 497ms @ http://localhost:3000/_next/static/chunks/node_modules_next_dist_1e8vcs8._.js:776
[928338635ms] [LOG] [Fast Refresh] done in 497ms @ http://localhost:3000/_next/static/chunks/node_modules_next_dist_1e8vcs8._.js:776
[928338740ms] [LOG] [Fast Refresh] done in 497ms @ http://localhost:3000/_next/static/chunks/node_modules_next_dist_1e8vcs8._.js:776
[928338806ms] [ERROR] Failed to load resource: the server responded with a status of 404 (Not Found) @ http://localhost:3000/checkout:0
[928338928ms] [INFO] %cDownload the React DevTools for a better development experience: https://react.dev/link/react-devtools font-weight:bold @ http://localhost:3000/_next/static/chunks/node_modules_next_dist_1e8vcs8._.js:776
[928338941ms] [LOG] [HMR] connected @ http://localhost:3000/_next/static/chunks/node_modules_next_dist_1e8vcs8._.js:776
[928349608ms] [LOG] [Fast Refresh] rebuilding @ http://localhost:3000/_next/static/chunks/node_modules_next_dist_1e8vcs8._.js:776
[928349851ms] [LOG] [Fast Refresh] done in 306ms @ http://localhost:3000/_next/static/chunks/node_modules_next_dist_1e8vcs8._.js:776
[928349906ms] [LOG] [Fast Refresh] done in 306ms @ http://localhost:3000/_next/static/chunks/node_modules_next_dist_1e8vcs8._.js:776
[928349920ms] [ERROR] Failed to load resource: the server responded with a status of 404 (Not Found) @ http://localhost:3000/checkout?_rsc=7TmJZH1YHwSue7fr:0
[928349942ms] [LOG] [Fast Refresh] done in 306ms @ http://localhost:3000/_next/static/chunks/node_modules_next_dist_1e8vcs8._.js:776
[928350014ms] [LOG] [Fast Refresh] done in 306ms @ http://localhost:3000/_next/static/chunks/node_modules_next_dist_1e8vcs8._.js:776
[928350122ms] [LOG] [Fast Refresh] done in 306ms @ http://localhost:3000/_next/static/chunks/node_modules_next_dist_1e8vcs8._.js:776
[928350165ms] [LOG] [Fast Refresh] done in 306ms @ http://localhost:3000/_next/static/chunks/node_modules_next_dist_1e8vcs8._.js:776
[928350473ms] [ERROR] Failed to load resource: the server responded with a status of 404 (Not Found) @ http://localhost:3000/checkout:0
[928350646ms] [INFO] %cDownload the React DevTools for a better development experience: https://react.dev/link/react-devtools font-weight:bold @ http://localhost:3000/_next/static/chunks/node_modules_next_dist_1e8vcs8._.js:776
[928350660ms] [LOG] [HMR] connected @ http://localhost:3000/_next/static/chunks/node_modules_next_dist_1e8vcs8._.js:776
[928430312ms] [LOG] [Fast Refresh] rebuilding @ http://localhost:3000/_next/static/chunks/node_modules_next_dist_1e8vcs8._.js:776
[928430320ms] [LOG] [Fast Refresh] done in 59ms @ http://localhost:3000/_next/static/chunks/node_modules_next_dist_1e8vcs8._.js:776
[928430650ms] [ERROR] Failed to load resource: the server responded with a status of 404 (Not Found) @ http://localhost:3000/checkout?_rsc=7TmJZH1YHwSue7fr:0
[928430651ms] [LOG] [Fast Refresh] done in 181ms @ http://localhost:3000/_next/static/chunks/node_modules_next_dist_1e8vcs8._.js:776
[928430652ms] [LOG] [Fast Refresh] done in 181ms @ http://localhost:3000/_next/static/chunks/node_modules_next_dist_1e8vcs8._.js:776
[928431221ms] [ERROR] Failed to load resource: the server responded with a status of 404 (Not Found) @ http://localhost:3000/checkout:0
[928431427ms] [INFO] %cDownload the React DevTools for a better development experience: https://react.dev/link/react-devtools font-weight:bold @ http://localhost:3000/_next/static/chunks/node_modules_next_dist_1e8vcs8._.js:776
[928431520ms] [LOG] [HMR] connected @ http://localhost:3000/_next/static/chunks/node_modules_next_dist_1e8vcs8._.js:776
[928658819ms] [LOG] [Fast Refresh] rebuilding @ http://localhost:3000/_next/static/chunks/node_modules_next_dist_1e8vcs8._.js:776
[928659273ms] [LOG] [Fast Refresh] done in 556ms @ http://localhost:3000/_next/static/chunks/node_modules_next_dist_1e8vcs8._.js:776
[928835565ms] [LOG] [Fast Refresh] rebuilding @ http://localhost:3000/_next/static/chunks/node_modules_next_dist_1e8vcs8._.js:776
[928835653ms] [LOG] [Fast Refresh] done in 152ms @ http://localhost:3000/_next/static/chunks/node_modules_next_dist_1e8vcs8._.js:776
[928835732ms] [LOG] [Fast Refresh] done in 152ms @ http://localhost:3000/_next/static/chunks/node_modules_next_dist_1e8vcs8._.js:776
[928835814ms] [LOG] [Fast Refresh] done in 152ms @ http://localhost:3000/_next/static/chunks/node_modules_next_dist_1e8vcs8._.js:776
[928835866ms] [ERROR] Failed to load resource: the server responded with a status of 404 (Not Found) @ http://localhost:3000/checkout?_rsc=7TmJZH1YHwSue7fr:0
[928835897ms] [LOG] [Fast Refresh] done in 152ms @ http://localhost:3000/_next/static/chunks/node_modules_next_dist_1e8vcs8._.js:776
[928835970ms] [LOG] [Fast Refresh] done in 152ms @ http://localhost:3000/_next/static/chunks/node_modules_next_dist_1e8vcs8._.js:776
[928836146ms] [LOG] [Fast Refresh] done in 152ms @ http://localhost:3000/_next/static/chunks/node_modules_next_dist_1e8vcs8._.js:776
[928836260ms] [LOG] [Fast Refresh] done in 152ms @ http://localhost:3000/_next/static/chunks/node_modules_next_dist_1e8vcs8._.js:776
[928836315ms] [ERROR] Failed to load resource: the server responded with a status of 404 (Not Found) @ http://localhost:3000/checkout:0
[928836453ms] [INFO] %cDownload the React DevTools for a better development experience: https://react.dev/link/react-devtools font-weight:bold @ http://localhost:3000/_next/static/chunks/node_modules_next_dist_1e8vcs8._.js:776
[928836472ms] [LOG] [HMR] connected @ http://localhost:3000/_next/static/chunks/node_modules_next_dist_1e8vcs8._.js:776
[928862573ms] [ERROR] Failed to load resource: the server responded with a status of 404 (Not Found) @ http://localhost:3000/checkout?_rsc=7TmJZH1YHwSue7fr:0
[928862961ms] [ERROR] Failed to load resource: the server responded with a status of 404 (Not Found) @ http://localhost:3000/checkout:0
[928863230ms] [INFO] %cDownload the React DevTools for a better development experience: https://react.dev/link/react-devtools font-weight:bold @ http://localhost:3000/_next/static/chunks/node_modules_next_dist_1e8vcs8._.js:776
[928863266ms] [LOG] [HMR] connected @ http://localhost:3000/_next/static/chunks/node_modules_next_dist_1e8vcs8._.js:776
[928876590ms] [LOG] [Fast Refresh] rebuilding @ http://localhost:3000/_next/static/chunks/node_modules_next_dist_1e8vcs8._.js:776
[928876604ms] [LOG] [Fast Refresh] done in 115ms @ http://localhost:3000/_next/static/chunks/node_modules_next_dist_1e8vcs8._.js:776
[928894708ms] [ERROR] WebSocket connection to 'ws://localhost:3000/_next/hmr?id=xysHYHbxcyc0e5IQzA10W' failed: Error in connection establishment: net::ERR_CONNECTION_REFUSED @ http://localhost:3000/_next/static/chunks/node_modules_next_dist_client_0_90u2t._.js:16348
[928895711ms] [ERROR] WebSocket connection to 'ws://localhost:3000/_next/hmr?id=xysHYHbxcyc0e5IQzA10W' failed: Error in connection establishment: net::ERR_CONNECTION_REFUSED @ http://localhost:3000/_next/static/chunks/node_modules_next_dist_client_0_90u2t._.js:16348
[928896715ms] [ERROR] WebSocket connection to 'ws://localhost:3000/_next/hmr?id=xysHYHbxcyc0e5IQzA10W' failed: Error in connection establishment: net::ERR_CONNECTION_REFUSED @ http://localhost:3000/_next/static/chunks/node_modules_next_dist_client_0_90u2t._.js:16348
[928897719ms] [ERROR] WebSocket connection to 'ws://localhost:3000/_next/hmr?id=xysHYHbxcyc0e5IQzA10W' failed: Error in connection establishment: net::ERR_CONNECTION_REFUSED @ http://localhost:3000/_next/static/chunks/node_modules_next_dist_client_0_90u2t._.js:16348
[928898722ms] [ERROR] WebSocket connection to 'ws://localhost:3000/_next/hmr?id=xysHYHbxcyc0e5IQzA10W' failed: Error in connection establishment: net::ERR_CONNECTION_REFUSED @ http://localhost:3000/_next/static/chunks/node_modules_next_dist_client_0_90u2t._.js:16348
[928903749ms] [LOG] [HMR] connected @ http://localhost:3000/_next/static/chunks/node_modules_next_dist_1e8vcs8._.js:776
[928904119ms] [ERROR] Failed to load resource: the server responded with a status of 404 (Not Found) @ http://localhost:3000/checkout:0
[928904269ms] [INFO] %cDownload the React DevTools for a better development experience: https://react.dev/link/react-devtools font-weight:bold @ http://localhost:3000/_next/static/chunks/node_modules_next_dist_1e8vcs8._.js:776
[928904546ms] [LOG] [HMR] connected @ http://localhost:3000/_next/static/chunks/node_modules_next_dist_1e8vcs8._.js:776
[928910820ms] [LOG] [Fast Refresh] rebuilding @ http://localhost:3000/_next/static/chunks/node_modules_next_dist_1e8vcs8._.js:776
[928911093ms] [LOG] [Fast Refresh] done in 316ms @ http://localhost:3000/_next/static/chunks/node_modules_next_dist_1e8vcs8._.js:776
[928912625ms] [LOG] [Fast Refresh] done in 316ms @ http://localhost:3000/_next/static/chunks/node_modules_next_dist_1e8vcs8._.js:776
[928912979ms] [LOG] [Fast Refresh] done in 316ms @ http://localhost:3000/_next/static/chunks/node_modules_next_dist_1e8vcs8._.js:776
[928922611ms] [LOG] [Fast Refresh] done in 316ms @ http://localhost:3000/_next/static/chunks/node_modules_next_dist_1e8vcs8._.js:776
[928923862ms] [LOG] [Fast Refresh] done in 316ms @ http://localhost:3000/_next/static/chunks/node_modules_next_dist_1e8vcs8._.js:776
[928923919ms] [LOG] [Fast Refresh] done in 316ms @ http://localhost:3000/_next/static/chunks/node_modules_next_dist_1e8vcs8._.js:776
[928924987ms] [LOG] [Fast Refresh] done in 316ms @ http://localhost:3000/_next/static/chunks/node_modules_next_dist_1e8vcs8._.js:776
[929259109ms] [LOG] [Fast Refresh] rebuilding @ http://localhost:3000/_next/static/chunks/node_modules_next_dist_1e8vcs8._.js:776
[929259228ms] [LOG] [Fast Refresh] done in 216ms @ http://localhost:3000/_next/static/chunks/node_modules_next_dist_1e8vcs8._.js:776
[929259405ms] [LOG] [Fast Refresh] done in 216ms @ http://localhost:3000/_next/static/chunks/node_modules_next_dist_1e8vcs8._.js:776
[929259457ms] [ERROR] Failed to load resource: the server responded with a status of 404 (Not Found) @ http://localhost:3000/checkout?_rsc=7TmJZH1YHwSue7fr:0
[929259903ms] [ERROR] Failed to load resource: the server responded with a status of 404 (Not Found) @ http://localhost:3000/checkout:0
[929260087ms] [INFO] %cDownload the React DevTools for a better development experience: https://react.dev/link/react-devtools font-weight:bold @ http://localhost:3000/_next/static/chunks/node_modules_next_dist_1e8vcs8._.js:776
[929260133ms] [LOG] [HMR] connected @ http://localhost:3000/_next/static/chunks/node_modules_next_dist_1e8vcs8._.js:776
[929367603ms] [LOG] [Fast Refresh] rebuilding @ http://localhost:3000/_next/static/chunks/node_modules_next_dist_1e8vcs8._.js:776
[929367827ms] [LOG] [Fast Refresh] done in 173ms @ http://localhost:3000/_next/static/chunks/node_modules_next_dist_1e8vcs8._.js:776
[929367865ms] [ERROR] Failed to load resource: the server responded with a status of 404 (Not Found) @ http://localhost:3000/checkout?_rsc=7TmJZH1YHwSue7fr:0
[929367881ms] [LOG] [Fast Refresh] done in 173ms @ http://localhost:3000/_next/static/chunks/node_modules_next_dist_1e8vcs8._.js:776
[929367928ms] [LOG] [Fast Refresh] done in 173ms @ http://localhost:3000/_next/static/chunks/node_modules_next_dist_1e8vcs8._.js:776
[929368077ms] [LOG] [Fast Refresh] done in 173ms @ http://localhost:3000/_next/static/chunks/node_modules_next_dist_1e8vcs8._.js:776
[929368177ms] [LOG] [Fast Refresh] done in 173ms @ http://localhost:3000/_next/static/chunks/node_modules_next_dist_1e8vcs8._.js:776
[929368290ms] [ERROR] Failed to load resource: the server responded with a status of 404 (Not Found) @ http://localhost:3000/checkout:0
[929368516ms] [INFO] %cDownload the React DevTools for a better development experience: https://react.dev/link/react-devtools font-weight:bold @ http://localhost:3000/_next/static/chunks/node_modules_next_dist_1e8vcs8._.js:776
[929368532ms] [LOG] [HMR] connected @ http://localhost:3000/_next/static/chunks/node_modules_next_dist_1e8vcs8._.js:776
[929382951ms] [LOG] [Fast Refresh] rebuilding @ http://localhost:3000/_next/static/chunks/node_modules_next_dist_1e8vcs8._.js:776
[929383859ms] [LOG] [Fast Refresh] done in 502ms @ http://localhost:3000/_next/static/chunks/node_modules_next_dist_1e8vcs8._.js:776
[929383931ms] [ERROR] Failed to load resource: the server responded with a status of 404 (Not Found) @ http://localhost:3000/checkout?_rsc=7TmJZH1YHwSue7fr:0
[929383933ms] [LOG] [Fast Refresh] done in 1014ms @ http://localhost:3000/_next/static/chunks/node_modules_next_dist_1e8vcs8._.js:776
[929384700ms] [ERROR] Failed to load resource: the server responded with a status of 404 (Not Found) @ http://localhost:3000/checkout:0
[929385071ms] [INFO] %cDownload the React DevTools for a better development experience: https://react.dev/link/react-devtools font-weight:bold @ http://localhost:3000/_next/static/chunks/node_modules_next_dist_1e8vcs8._.js:776
[929385103ms] [LOG] [HMR] connected @ http://localhost:3000/_next/static/chunks/node_modules_next_dist_1e8vcs8._.js:776
[929394360ms] [ERROR] Failed to load resource: the server responded with a status of 404 (Not Found) @ http://localhost:3000/checkout?_rsc=7TmJZH1YHwSue7fr:0
[929395249ms] [ERROR] Failed to load resource: the server responded with a status of 404 (Not Found) @ http://localhost:3000/checkout:0
[929395670ms] [INFO] %cDownload the React DevTools for a better development experience: https://react.dev/link/react-devtools font-weight:bold @ http://localhost:3000/_next/static/chunks/node_modules_next_dist_1e8vcs8._.js:776
[929395700ms] [LOG] [HMR] connected @ http://localhost:3000/_next/static/chunks/node_modules_next_dist_1e8vcs8._.js:776
[929409799ms] [LOG] [Fast Refresh] rebuilding @ http://localhost:3000/_next/static/chunks/node_modules_next_dist_1e8vcs8._.js:776
[929409838ms] [LOG] [Fast Refresh] done in 32ms @ http://localhost:3000/_next/static/chunks/node_modules_next_dist_1e8vcs8._.js:776
[929409864ms] [LOG] [Fast Refresh] done in 32ms @ http://localhost:3000/_next/static/chunks/node_modules_next_dist_1e8vcs8._.js:776
[929409926ms] [ERROR] Failed to load resource: the server responded with a status of 404 (Not Found) @ http://localhost:3000/checkout?_rsc=7TmJZH1YHwSue7fr:0
[929409956ms] [LOG] [Fast Refresh] done in 32ms @ http://localhost:3000/_next/static/chunks/node_modules_next_dist_1e8vcs8._.js:776
[929411227ms] [ERROR] Failed to load resource: the server responded with a status of 404 (Not Found) @ http://localhost:3000/checkout:0
[929411320ms] [INFO] %cDownload the React DevTools for a better development experience: https://react.dev/link/react-devtools font-weight:bold @ http://localhost:3000/_next/static/chunks/node_modules_next_dist_1e8vcs8._.js:776
[929411340ms] [LOG] [HMR] connected @ http://localhost:3000/_next/static/chunks/node_modules_next_dist_1e8vcs8._.js:776
[929502766ms] [LOG] [Fast Refresh] done in 84827ms @ http://localhost:3000/_next/static/chunks/node_modules_next_dist_1e8vcs8._.js:776
[929502805ms] [LOG] [Fast Refresh] done in 84827ms @ http://localhost:3000/_next/static/chunks/node_modules_next_dist_1e8vcs8._.js:776
[929502848ms] [ERROR] Failed to load resource: the server responded with a status of 404 (Not Found) @ http://localhost:3000/checkout?_rsc=7TmJZH1YHwSue7fr:0
[929502876ms] [LOG] [Fast Refresh] done in 84827ms @ http://localhost:3000/_next/static/chunks/node_modules_next_dist_1e8vcs8._.js:776
[929503350ms] [ERROR] Failed to load resource: the server responded with a status of 404 (Not Found) @ http://localhost:3000/checkout:0
[929503445ms] [INFO] %cDownload the React DevTools for a better development experience: https://react.dev/link/react-devtools font-weight:bold @ http://localhost:3000/_next/static/chunks/node_modules_next_dist_1e8vcs8._.js:776
[929503455ms] [LOG] [HMR] connected @ http://localhost:3000/_next/static/chunks/node_modules_next_dist_1e8vcs8._.js:776
[929510615ms] [ERROR] Failed to load resource: the server responded with a status of 404 (Not Found) @ http://localhost:3000/checkout?_rsc=7TmJZH1YHwSue7fr:0
[929510758ms] [LOG] [Fast Refresh] rebuilding @ http://localhost:3000/_next/static/chunks/node_modules_next_dist_1e8vcs8._.js:776
[929510788ms] [LOG] [Fast Refresh] done in 132ms @ http://localhost:3000/_next/static/chunks/node_modules_next_dist_1e8vcs8._.js:776
[929511082ms] [ERROR] Failed to load resource: the server responded with a status of 404 (Not Found) @ http://localhost:3000/checkout:0
[929511159ms] [INFO] %cDownload the React DevTools for a better development experience: https://react.dev/link/react-devtools font-weight:bold @ http://localhost:3000/_next/static/chunks/node_modules_next_dist_1e8vcs8._.js:776
[929511193ms] [LOG] [HMR] connected @ http://localhost:3000/_next/static/chunks/node_modules_next_dist_1e8vcs8._.js:776
[929569828ms] [LOG] [Fast Refresh] rebuilding @ http://localhost:3000/_next/static/chunks/node_modules_next_dist_1e8vcs8._.js:776
[929569880ms] [LOG] [Fast Refresh] done in 58ms @ http://localhost:3000/_next/static/chunks/node_modules_next_dist_1e8vcs8._.js:776
[929576928ms] [LOG] [Fast Refresh] done in 58ms @ http://localhost:3000/_next/static/chunks/node_modules_next_dist_1e8vcs8._.js:776
[929577280ms] [LOG] [Fast Refresh] done in 58ms @ http://localhost:3000/_next/static/chunks/node_modules_next_dist_1e8vcs8._.js:776
[929580335ms] [ERROR] Failed to load resource: the server responded with a status of 404 (Not Found) @ http://localhost:3000/checkout?_rsc=7TmJZH1YHwSue7fr:0
[929580857ms] [ERROR] Failed to load resource: the server responded with a status of 404 (Not Found) @ http://localhost:3000/checkout:0
[929580995ms] [INFO] %cDownload the React DevTools for a better development experience: https://react.dev/link/react-devtools font-weight:bold @ http://localhost:3000/_next/static/chunks/node_modules_next_dist_1e8vcs8._.js:776
[929581052ms] [LOG] [HMR] connected @ http://localhost:3000/_next/static/chunks/node_modules_next_dist_1e8vcs8._.js:776
[929593293ms] [LOG] [Fast Refresh] rebuilding @ http://localhost:3000/_next/static/chunks/node_modules_next_dist_1e8vcs8._.js:776
[929593565ms] [LOG] [Fast Refresh] done in 288ms @ http://localhost:3000/_next/static/chunks/node_modules_next_dist_1e8vcs8._.js:776
[929593686ms] [LOG] [Fast Refresh] done in 288ms @ http://localhost:3000/_next/static/chunks/node_modules_next_dist_1e8vcs8._.js:776
[929593730ms] [ERROR] Failed to load resource: the server responded with a status of 404 (Not Found) @ http://localhost:3000/checkout?_rsc=7TmJZH1YHwSue7fr:0
[929593740ms] [LOG] [Fast Refresh] done in 288ms @ http://localhost:3000/_next/static/chunks/node_modules_next_dist_1e8vcs8._.js:776
[929593786ms] [LOG] [Fast Refresh] done in 288ms @ http://localhost:3000/_next/static/chunks/node_modules_next_dist_1e8vcs8._.js:776
[929593935ms] [LOG] [Fast Refresh] done in 288ms @ http://localhost:3000/_next/static/chunks/node_modules_next_dist_1e8vcs8._.js:776
[929593978ms] [LOG] [Fast Refresh] done in 288ms @ http://localhost:3000/_next/static/chunks/node_modules_next_dist_1e8vcs8._.js:776
[929594085ms] [LOG] [Fast Refresh] done in 288ms @ http://localhost:3000/_next/static/chunks/node_modules_next_dist_1e8vcs8._.js:776
[929594150ms] [LOG] [Fast Refresh] done in 288ms @ http://localhost:3000/_next/static/chunks/node_modules_next_dist_1e8vcs8._.js:776
[929594231ms] [ERROR] Failed to load resource: the server responded with a status of 404 (Not Found) @ http://localhost:3000/checkout:0
[929594346ms] [INFO] %cDownload the React DevTools for a better development experience: https://react.dev/link/react-devtools font-weight:bold @ http://localhost:3000/_next/static/chunks/node_modules_next_dist_1e8vcs8._.js:776
[929594359ms] [LOG] [HMR] connected @ http://localhost:3000/_next/static/chunks/node_modules_next_dist_1e8vcs8._.js:776
[929924558ms] [LOG] [Fast Refresh] rebuilding @ http://localhost:3000/_next/static/chunks/node_modules_next_dist_1e8vcs8._.js:776
[929924774ms] [LOG] [Fast Refresh] done in 222ms @ http://localhost:3000/_next/static/chunks/node_modules_next_dist_1e8vcs8._.js:776
[929924862ms] [LOG] [Fast Refresh] done in 222ms @ http://localhost:3000/_next/static/chunks/node_modules_next_dist_1e8vcs8._.js:776
[929924928ms] [LOG] [Fast Refresh] done in 222ms @ http://localhost:3000/_next/static/chunks/node_modules_next_dist_1e8vcs8._.js:776
[929924976ms] [ERROR] Failed to load resource: the server responded with a status of 404 (Not Found) @ http://localhost:3000/checkout?_rsc=7TmJZH1YHwSue7fr:0
[929924978ms] [LOG] [Fast Refresh] done in 222ms @ http://localhost:3000/_next/static/chunks/node_modules_next_dist_1e8vcs8._.js:776
[929925074ms] [LOG] [Fast Refresh] done in 222ms @ http://localhost:3000/_next/static/chunks/node_modules_next_dist_1e8vcs8._.js:776
[929925383ms] [LOG] [Fast Refresh] done in 222ms @ http://localhost:3000/_next/static/chunks/node_modules_next_dist_1e8vcs8._.js:776
[929925437ms] [LOG] [Fast Refresh] done in 222ms @ http://localhost:3000/_next/static/chunks/node_modules_next_dist_1e8vcs8._.js:776
[929925517ms] [LOG] [Fast Refresh] done in 222ms @ http://localhost:3000/_next/static/chunks/node_modules_next_dist_1e8vcs8._.js:776
[929925576ms] [ERROR] Failed to load resource: the server responded with a status of 404 (Not Found) @ http://localhost:3000/checkout:0
[929925750ms] [INFO] %cDownload the React DevTools for a better development experience: https://react.dev/link/react-devtools font-weight:bold @ http://localhost:3000/_next/static/chunks/node_modules_next_dist_1e8vcs8._.js:776
[929925799ms] [LOG] [HMR] connected @ http://localhost:3000/_next/static/chunks/node_modules_next_dist_1e8vcs8._.js:776
[929932189ms] [LOG] [Fast Refresh] rebuilding @ http://localhost:3000/_next/static/chunks/node_modules_next_dist_1e8vcs8._.js:776
[929932715ms] [LOG] [Fast Refresh] done in 550ms @ http://localhost:3000/_next/static/chunks/node_modules_next_dist_1e8vcs8._.js:776
[929932817ms] [ERROR] Failed to load resource: the server responded with a status of 404 (Not Found) @ http://localhost:3000/checkout?_rsc=7TmJZH1YHwSue7fr:0
[929932825ms] [LOG] [Fast Refresh] done in 550ms @ http://localhost:3000/_next/static/chunks/node_modules_next_dist_1e8vcs8._.js:776
[929932882ms] [LOG] [Fast Refresh] done in 550ms @ http://localhost:3000/_next/static/chunks/node_modules_next_dist_1e8vcs8._.js:776
[929933141ms] [LOG] [Fast Refresh] done in 550ms @ http://localhost:3000/_next/static/chunks/node_modules_next_dist_1e8vcs8._.js:776
[929933334ms] [LOG] [Fast Refresh] done in 550ms @ http://localhost:3000/_next/static/chunks/node_modules_next_dist_1e8vcs8._.js:776
[929933410ms] [ERROR] Failed to load resource: the server responded with a status of 404 (Not Found) @ http://localhost:3000/checkout:0
[929933590ms] [INFO] %cDownload the React DevTools for a better development experience: https://react.dev/link/react-devtools font-weight:bold @ http://localhost:3000/_next/static/chunks/node_modules_next_dist_1e8vcs8._.js:776
[929933639ms] [LOG] [HMR] connected @ http://localhost:3000/_next/static/chunks/node_modules_next_dist_1e8vcs8._.js:776
[1017650659ms] [LOG] [Fast Refresh] rebuilding @ http://localhost:3000/_next/static/chunks/node_modules_next_dist_1e8vcs8._.js:776
