[ 1133044ms] [LOG] [Fast Refresh] rebuilding @ http://localhost:3000/_next/static/chunks/node_modules_next_dist_115brz8._.js:2477
[ 1133490ms] [LOG] [Fast Refresh] done in 541ms @ http://localhost:3000/_next/static/chunks/node_modules_next_dist_115brz8._.js:2477
[ 1133798ms] [LOG] [Fast Refresh] rebuilding @ http://localhost:3000/_next/static/chunks/node_modules_next_dist_115brz8._.js:2477
[ 1133916ms] [LOG] [Fast Refresh] done in 220ms @ http://localhost:3000/_next/static/chunks/node_modules_next_dist_115brz8._.js:2477
[ 1539704ms] [LOG] [Fast Refresh] rebuilding @ http://localhost:3000/_next/static/chunks/node_modules_next_dist_115brz8._.js:2477
[ 1539835ms] [LOG] [Fast Refresh] done in 190ms @ http://localhost:3000/_next/static/chunks/node_modules_next_dist_115brz8._.js:2477
[ 1638457ms] [LOG] [Fast Refresh] rebuilding @ http://localhost:3000/_next/static/chunks/node_modules_next_dist_115brz8._.js:2477
[ 1638554ms] [LOG] [Fast Refresh] done in 197ms @ http://localhost:3000/_next/static/chunks/node_modules_next_dist_115brz8._.js:2477
[ 1661555ms] [LOG] [Fast Refresh] rebuilding @ http://localhost:3000/_next/static/chunks/node_modules_next_dist_115brz8._.js:2477
[ 1661620ms] [LOG] [Fast Refresh] done in 57ms @ http://localhost:3000/_next/static/chunks/node_modules_next_dist_115brz8._.js:2477
[ 1662497ms] [LOG] [Fast Refresh] rebuilding @ http://localhost:3000/_next/static/chunks/node_modules_next_dist_115brz8._.js:2477
[ 1662543ms] [LOG] [Fast Refresh] done in 148ms @ http://localhost:3000/_next/static/chunks/node_modules_next_dist_115brz8._.js:2477
[ 4396812ms] [LOG] [Fast Refresh] rebuilding @ http://localhost:3000/_next/static/chunks/node_modules_next_dist_115brz8._.js:2477
[ 4396897ms] [LOG] [Fast Refresh] done in 147ms @ http://localhost:3000/_next/static/chunks/node_modules_next_dist_115brz8._.js:2477
[ 4409999ms] [LOG] [Fast Refresh] rebuilding @ http://localhost:3000/_next/static/chunks/node_modules_next_dist_115brz8._.js:2477
[ 4410990ms] [LOG] [Fast Refresh] done in 921ms @ http://localhost:3000/_next/static/chunks/node_modules_next_dist_115brz8._.js:2477
[ 4411539ms] [LOG] [Fast Refresh] rebuilding @ http://localhost:3000/_next/static/chunks/node_modules_next_dist_115brz8._.js:2477
[ 4411540ms] [WARNING] [Fast Refresh] performing full reload

Fast Refresh will perform a full reload when you edit a file that's imported by modules outside of the React rendering tree.
You might have a file which exports a React component but also exports a value that is imported by a non-React component file.
Consider migrating the non-React component export to a separate file and importing it into both files.

It is also possible the parent component of the component you edited is a class component, which disables Fast Refresh.
Fast Refresh requires at least one parent function component in your React tree. @ http://localhost:3000/_next/static/chunks/node_modules_next_dist_115brz8._.js:2477
[ 4411541ms] [LOG] [Fast Refresh] done in 3ms @ http://localhost:3000/_next/static/chunks/node_modules_next_dist_115brz8._.js:2477
[ 4411737ms] [LOG] [Fast Refresh] rebuilding @ http://localhost:3000/_next/static/chunks/node_modules_next_dist_115brz8._.js:2477
[ 4411779ms] [LOG] [Fast Refresh] done in 144ms @ http://localhost:3000/_next/static/chunks/node_modules_next_dist_115brz8._.js:2477
[ 4412186ms] [INFO] %cDownload the React DevTools for a better development experience: https://react.dev/link/react-devtools font-weight:bold @ http://localhost:3000/_next/static/chunks/node_modules_next_dist_115brz8._.js:2477
[ 4412223ms] [LOG] [HMR] connected @ http://localhost:3000/_next/static/chunks/node_modules_next_dist_115brz8._.js:2477
[ 4412763ms] [LOG] [Fast Refresh] rebuilding @ http://localhost:3000/_next/static/chunks/node_modules_next_dist_115brz8._.js:2477
[ 4412768ms] [LOG] [Fast Refresh] done in 106ms @ http://localhost:3000/_next/static/chunks/node_modules_next_dist_115brz8._.js:2477
[ 4412952ms] [LOG] [Fast Refresh] rebuilding @ http://localhost:3000/_next/static/chunks/node_modules_next_dist_115brz8._.js:2477
[ 4413055ms] [LOG] [Fast Refresh] done in 203ms @ http://localhost:3000/_next/static/chunks/node_modules_next_dist_115brz8._.js:2477
[ 4413208ms] [LOG] [Fast Refresh] rebuilding @ http://localhost:3000/_next/static/chunks/node_modules_next_dist_115brz8._.js:2477
[ 4413233ms] [LOG] [Fast Refresh] done in 125ms @ http://localhost:3000/_next/static/chunks/node_modules_next_dist_115brz8._.js:2477
[ 4413336ms] [LOG] [Fast Refresh] rebuilding @ http://localhost:3000/_next/static/chunks/node_modules_next_dist_115brz8._.js:2477
[ 4413387ms] [LOG] [Fast Refresh] done in 151ms @ http://localhost:3000/_next/static/chunks/node_modules_next_dist_115brz8._.js:2477
[ 4413487ms] [LOG] [Fast Refresh] rebuilding @ http://localhost:3000/_next/static/chunks/node_modules_next_dist_115brz8._.js:2477
[ 4413554ms] [LOG] [Fast Refresh] done in 167ms @ http://localhost:3000/_next/static/chunks/node_modules_next_dist_115brz8._.js:2477
[ 4413658ms] [LOG] [Fast Refresh] rebuilding @ http://localhost:3000/_next/static/chunks/node_modules_next_dist_115brz8._.js:2477
[ 4413684ms] [LOG] [Fast Refresh] done in 128ms @ http://localhost:3000/_next/static/chunks/node_modules_next_dist_115brz8._.js:2477
[ 4413787ms] [LOG] [Fast Refresh] rebuilding @ http://localhost:3000/_next/static/chunks/node_modules_next_dist_115brz8._.js:2477
[ 4414081ms] [LOG] [Fast Refresh] done in 396ms @ http://localhost:3000/_next/static/chunks/node_modules_next_dist_115brz8._.js:2477
[ 4414184ms] [LOG] [Fast Refresh] rebuilding @ http://localhost:3000/_next/static/chunks/node_modules_next_dist_115brz8._.js:2477
[ 4414214ms] [LOG] [Fast Refresh] done in 131ms @ http://localhost:3000/_next/static/chunks/node_modules_next_dist_115brz8._.js:2477
[ 4414316ms] [LOG] [Fast Refresh] rebuilding @ http://localhost:3000/_next/static/chunks/node_modules_next_dist_115brz8._.js:2477
[ 4414425ms] [LOG] [Fast Refresh] done in 211ms @ http://localhost:3000/_next/static/chunks/node_modules_next_dist_115brz8._.js:2477
[ 4414663ms] [LOG] [Fast Refresh] rebuilding @ http://localhost:3000/_next/static/chunks/node_modules_next_dist_115brz8._.js:2477
[ 4414679ms] [LOG] [Fast Refresh] done in 116ms @ http://localhost:3000/_next/static/chunks/node_modules_next_dist_115brz8._.js:2477
[ 4414875ms] [LOG] [Fast Refresh] rebuilding @ http://localhost:3000/_next/static/chunks/node_modules_next_dist_115brz8._.js:2477
[ 4414961ms] [LOG] [Fast Refresh] done in 188ms @ http://localhost:3000/_next/static/chunks/node_modules_next_dist_115brz8._.js:2477
[ 4415065ms] [LOG] [Fast Refresh] rebuilding @ http://localhost:3000/_next/static/chunks/node_modules_next_dist_115brz8._.js:2477
[ 4415106ms] [LOG] [Fast Refresh] done in 141ms @ http://localhost:3000/_next/static/chunks/node_modules_next_dist_115brz8._.js:2477
[ 4415384ms] [LOG] [Fast Refresh] rebuilding @ http://localhost:3000/_next/static/chunks/node_modules_next_dist_115brz8._.js:2477
[ 4415710ms] [LOG] [Fast Refresh] done in 426ms @ http://localhost:3000/_next/static/chunks/node_modules_next_dist_115brz8._.js:2477
[ 4416182ms] [LOG] [Fast Refresh] rebuilding @ http://localhost:3000/_next/static/chunks/node_modules_next_dist_115brz8._.js:2477
[ 4416267ms] [LOG] [Fast Refresh] done in 186ms @ http://localhost:3000/_next/static/chunks/node_modules_next_dist_115brz8._.js:2477
[ 4416371ms] [LOG] [Fast Refresh] rebuilding @ http://localhost:3000/_next/static/chunks/node_modules_next_dist_115brz8._.js:2477
[ 4416588ms] [LOG] [Fast Refresh] done in 319ms @ http://localhost:3000/_next/static/chunks/node_modules_next_dist_115brz8._.js:2477
[ 4416693ms] [LOG] [Fast Refresh] rebuilding @ http://localhost:3000/_next/static/chunks/node_modules_next_dist_115brz8._.js:2477
[ 4416744ms] [LOG] [Fast Refresh] done in 153ms @ http://localhost:3000/_next/static/chunks/node_modules_next_dist_115brz8._.js:2477
[ 4416848ms] [LOG] [Fast Refresh] rebuilding @ http://localhost:3000/_next/static/chunks/node_modules_next_dist_115brz8._.js:2477
[ 4416871ms] [LOG] [Fast Refresh] done in 124ms @ http://localhost:3000/_next/static/chunks/node_modules_next_dist_115brz8._.js:2477
[ 4442043ms] [LOG] [Fast Refresh] rebuilding @ http://localhost:3000/_next/static/chunks/node_modules_next_dist_115brz8._.js:2477
[ 4442627ms] [LOG] [Fast Refresh] done in 677ms @ http://localhost:3000/_next/static/chunks/node_modules_next_dist_115brz8._.js:2477
[ 4442836ms] [LOG] [Fast Refresh] rebuilding @ http://localhost:3000/_next/static/chunks/node_modules_next_dist_115brz8._.js:2477
[ 4442866ms] [LOG] [Fast Refresh] done in 130ms @ http://localhost:3000/_next/static/chunks/node_modules_next_dist_115brz8._.js:2477
[ 4443282ms] [LOG] [Fast Refresh] rebuilding @ http://localhost:3000/_next/static/chunks/node_modules_next_dist_115brz8._.js:2477
[ 4443283ms] [LOG] [Fast Refresh] done in 101ms @ http://localhost:3000/_next/static/chunks/node_modules_next_dist_115brz8._.js:2477
[ 4443502ms] [LOG] [Fast Refresh] rebuilding @ http://localhost:3000/_next/static/chunks/node_modules_next_dist_115brz8._.js:2477
[ 4443519ms] [LOG] [Fast Refresh] done in 118ms @ http://localhost:3000/_next/static/chunks/node_modules_next_dist_115brz8._.js:2477
[ 4444060ms] [LOG] [Fast Refresh] rebuilding @ http://localhost:3000/_next/static/chunks/node_modules_next_dist_115brz8._.js:2477
[ 4444146ms] [LOG] [Fast Refresh] done in 187ms @ http://localhost:3000/_next/static/chunks/node_modules_next_dist_115brz8._.js:2477
[ 4444523ms] [LOG] [Fast Refresh] rebuilding @ http://localhost:3000/_next/static/chunks/node_modules_next_dist_115brz8._.js:2477
[ 4444582ms] [LOG] [Fast Refresh] done in 160ms @ http://localhost:3000/_next/static/chunks/node_modules_next_dist_115brz8._.js:2477
[ 4444851ms] [LOG] [Fast Refresh] rebuilding @ http://localhost:3000/_next/static/chunks/node_modules_next_dist_115brz8._.js:2477
[ 4444982ms] [LOG] [Fast Refresh] done in 232ms @ http://localhost:3000/_next/static/chunks/node_modules_next_dist_115brz8._.js:2477
[44352173ms] [LOG] [Fast Refresh] rebuilding @ http://localhost:3000/_next/static/chunks/node_modules_next_dist_115brz8._.js:2477
[44352201ms] [LOG] [Fast Refresh] done in 130ms @ http://localhost:3000/_next/static/chunks/node_modules_next_dist_115brz8._.js:2477
[44645055ms] [LOG] [Fast Refresh] rebuilding @ http://localhost:3000/_next/static/chunks/node_modules_next_dist_115brz8._.js:2477
[44645134ms] [LOG] [Fast Refresh] done in 161ms @ http://localhost:3000/_next/static/chunks/node_modules_next_dist_115brz8._.js:2477
[44649806ms] [LOG] [Fast Refresh] rebuilding @ http://localhost:3000/_next/static/chunks/node_modules_next_dist_115brz8._.js:2477
[44649831ms] [LOG] [Fast Refresh] done in 35ms @ http://localhost:3000/_next/static/chunks/node_modules_next_dist_115brz8._.js:2477
[62374987ms] [ERROR] WebSocket connection to 'ws://localhost:3000/_next/webpack-hmr?id=LUgv8GNkztfx_XMFisT8v' failed: Error in connection establishment: net::ERR_CONNECTION_REFUSED @ http://localhost:3000/_next/static/chunks/node_modules_next_dist_client_0fhqo1d._.js:13322
[62375992ms] [ERROR] WebSocket connection to 'ws://localhost:3000/_next/webpack-hmr?id=LUgv8GNkztfx_XMFisT8v' failed: Error in connection establishment: net::ERR_CONNECTION_REFUSED @ http://localhost:3000/_next/static/chunks/node_modules_next_dist_client_0fhqo1d._.js:13322
[62376995ms] [ERROR] WebSocket connection to 'ws://localhost:3000/_next/webpack-hmr?id=LUgv8GNkztfx_XMFisT8v' failed: Error in connection establishment: net::ERR_CONNECTION_REFUSED @ http://localhost:3000/_next/static/chunks/node_modules_next_dist_client_0fhqo1d._.js:13322
[62377997ms] [ERROR] WebSocket connection to 'ws://localhost:3000/_next/webpack-hmr?id=LUgv8GNkztfx_XMFisT8v' failed: Error in connection establishment: net::ERR_CONNECTION_REFUSED @ http://localhost:3000/_next/static/chunks/node_modules_next_dist_client_0fhqo1d._.js:13322
[62379000ms] [ERROR] WebSocket connection to 'ws://localhost:3000/_next/webpack-hmr?id=LUgv8GNkztfx_XMFisT8v' failed: Error in connection establishment: net::ERR_CONNECTION_REFUSED @ http://localhost:3000/_next/static/chunks/node_modules_next_dist_client_0fhqo1d._.js:13322
[62384008ms] [ERROR] WebSocket connection to 'ws://localhost:3000/_next/webpack-hmr?id=LUgv8GNkztfx_XMFisT8v' failed: Error in connection establishment: net::ERR_CONNECTION_REFUSED @ http://localhost:3000/_next/static/chunks/node_modules_next_dist_client_0fhqo1d._.js:13322
[62389017ms] [ERROR] WebSocket connection to 'ws://localhost:3000/_next/webpack-hmr?id=LUgv8GNkztfx_XMFisT8v' failed: Error in connection establishment: net::ERR_CONNECTION_REFUSED @ http://localhost:3000/_next/static/chunks/node_modules_next_dist_client_0fhqo1d._.js:13322
[62394041ms] [ERROR] WebSocket connection to 'ws://localhost:3000/_next/webpack-hmr?id=LUgv8GNkztfx_XMFisT8v' failed: Error in connection establishment: net::ERR_CONNECTION_REFUSED @ http://localhost:3000/_next/static/chunks/node_modules_next_dist_client_0fhqo1d._.js:13322
[62399057ms] [ERROR] WebSocket connection to 'ws://localhost:3000/_next/webpack-hmr?id=LUgv8GNkztfx_XMFisT8v' failed: Error in connection establishment: net::ERR_CONNECTION_REFUSED @ http://localhost:3000/_next/static/chunks/node_modules_next_dist_client_0fhqo1d._.js:13322
[62404141ms] [ERROR] WebSocket connection to 'ws://localhost:3000/_next/webpack-hmr?id=LUgv8GNkztfx_XMFisT8v' failed: Error in connection establishment: net::ERR_CONNECTION_REFUSED @ http://localhost:3000/_next/static/chunks/node_modules_next_dist_client_0fhqo1d._.js:13322
[62409193ms] [ERROR] WebSocket connection to 'ws://localhost:3000/_next/webpack-hmr?id=LUgv8GNkztfx_XMFisT8v' failed: Error in connection establishment: net::ERR_CONNECTION_REFUSED @ http://localhost:3000/_next/static/chunks/node_modules_next_dist_client_0fhqo1d._.js:13322
[62414335ms] [ERROR] WebSocket connection to 'ws://localhost:3000/_next/webpack-hmr?id=LUgv8GNkztfx_XMFisT8v' failed: Error in connection establishment: net::ERR_CONNECTION_REFUSED @ http://localhost:3000/_next/static/chunks/node_modules_next_dist_client_0fhqo1d._.js:13322
[72411390ms] [ERROR] Failed to load resource: the server responded with a status of 404 (Not Found) @ http://localhost:3000/pricing:0
[72411490ms] [INFO] %cDownload the React DevTools for a better development experience: https://react.dev/link/react-devtools font-weight:bold @ http://localhost:3000/_next/static/chunks/node_modules_next_dist_1e8vcs8._.js:776
[72411524ms] [LOG] [HMR] connected @ http://localhost:3000/_next/static/chunks/node_modules_next_dist_1e8vcs8._.js:776
[100076558ms] [ERROR] WebSocket connection to 'wss://jnmhsflhnpluooxgxmjo.supabase.co/realtime/v1/websocket?apikey=sb_publishable_L9vv1SacMelQ_eOIUKLKYw_e8CkUgVu&vsn=2.0.0' failed: Error in connection establishment: net::ERR_NAME_NOT_RESOLVED @ http://localhost:3000/_next/static/chunks/node_modules_1s82ytv._.js:11925
[157677229ms] [LOG] [Fast Refresh] rebuilding @ http://localhost:3000/_next/static/chunks/node_modules_next_dist_1e8vcs8._.js:776
[157677393ms] [LOG] [Fast Refresh] done in 267ms @ http://localhost:3000/_next/static/chunks/node_modules_next_dist_1e8vcs8._.js:776
[186455050ms] [ERROR] WebSocket connection to 'wss://jnmhsflhnpluooxgxmjo.supabase.co/realtime/v1/websocket?apikey=sb_publishable_L9vv1SacMelQ_eOIUKLKYw_e8CkUgVu&vsn=2.0.0' failed: Error in connection establishment: net::ERR_NAME_NOT_RESOLVED @ http://localhost:3000/_next/static/chunks/node_modules_1s82ytv._.js:11925
[186487056ms] [ERROR] WebSocket connection to 'wss://jnmhsflhnpluooxgxmjo.supabase.co/realtime/v1/websocket?apikey=sb_publishable_L9vv1SacMelQ_eOIUKLKYw_e8CkUgVu&vsn=2.0.0' failed: Error in connection establishment: net::ERR_NAME_NOT_RESOLVED @ http://localhost:3000/_next/static/chunks/node_modules_1s82ytv._.js:11925
[244078034ms] [LOG] [Fast Refresh] rebuilding @ http://localhost:3000/_next/static/chunks/node_modules_next_dist_1e8vcs8._.js:776
[244078130ms] [LOG] [Fast Refresh] done in 197ms @ http://localhost:3000/_next/static/chunks/node_modules_next_dist_1e8vcs8._.js:776
[258407546ms] [ERROR] WebSocket connection to 'wss://jnmhsflhnpluooxgxmjo.supabase.co/realtime/v1/websocket?apikey=sb_publishable_L9vv1SacMelQ_eOIUKLKYw_e8CkUgVu&vsn=2.0.0' failed: Error in connection establishment: net::ERR_INTERNET_DISCONNECTED @ http://localhost:3000/_next/static/chunks/node_modules_1s82ytv._.js:11925
[258409561ms] [ERROR] WebSocket connection to 'wss://jnmhsflhnpluooxgxmjo.supabase.co/realtime/v1/websocket?apikey=sb_publishable_L9vv1SacMelQ_eOIUKLKYw_e8CkUgVu&vsn=2.0.0' failed: Error in connection establishment: net::ERR_INTERNET_DISCONNECTED @ http://localhost:3000/_next/static/chunks/node_modules_1s82ytv._.js:11925
[258414567ms] [ERROR] WebSocket connection to 'wss://jnmhsflhnpluooxgxmjo.supabase.co/realtime/v1/websocket?apikey=sb_publishable_L9vv1SacMelQ_eOIUKLKYw_e8CkUgVu&vsn=2.0.0' failed: Error in connection establishment: net::ERR_INTERNET_DISCONNECTED @ http://localhost:3000/_next/static/chunks/node_modules_1s82ytv._.js:11925
[258424574ms] [ERROR] WebSocket connection to 'wss://jnmhsflhnpluooxgxmjo.supabase.co/realtime/v1/websocket?apikey=sb_publishable_L9vv1SacMelQ_eOIUKLKYw_e8CkUgVu&vsn=2.0.0' failed: Error in connection establishment: net::ERR_NAME_NOT_RESOLVED @ http://localhost:3000/_next/static/chunks/node_modules_1s82ytv._.js:11925
[258434581ms] [ERROR] WebSocket connection to 'wss://jnmhsflhnpluooxgxmjo.supabase.co/realtime/v1/websocket?apikey=sb_publishable_L9vv1SacMelQ_eOIUKLKYw_e8CkUgVu&vsn=2.0.0' failed: Error in connection establishment: net::ERR_NAME_NOT_RESOLVED @ http://localhost:3000/_next/static/chunks/node_modules_1s82ytv._.js:11925
[258444591ms] [ERROR] WebSocket connection to 'wss://jnmhsflhnpluooxgxmjo.supabase.co/realtime/v1/websocket?apikey=sb_publishable_L9vv1SacMelQ_eOIUKLKYw_e8CkUgVu&vsn=2.0.0' failed: Error in connection establishment: net::ERR_NAME_NOT_RESOLVED @ http://localhost:3000/_next/static/chunks/node_modules_1s82ytv._.js:11925
[258454608ms] [ERROR] WebSocket connection to 'wss://jnmhsflhnpluooxgxmjo.supabase.co/realtime/v1/websocket?apikey=sb_publishable_L9vv1SacMelQ_eOIUKLKYw_e8CkUgVu&vsn=2.0.0' failed: Error in connection establishment: net::ERR_NAME_NOT_RESOLVED @ http://localhost:3000/_next/static/chunks/node_modules_1s82ytv._.js:11925
[258464617ms] [ERROR] WebSocket connection to 'wss://jnmhsflhnpluooxgxmjo.supabase.co/realtime/v1/websocket?apikey=sb_publishable_L9vv1SacMelQ_eOIUKLKYw_e8CkUgVu&vsn=2.0.0' failed: Error in connection establishment: net::ERR_NAME_NOT_RESOLVED @ http://localhost:3000/_next/static/chunks/node_modules_1s82ytv._.js:11925
[258474635ms] [ERROR] WebSocket connection to 'wss://jnmhsflhnpluooxgxmjo.supabase.co/realtime/v1/websocket?apikey=sb_publishable_L9vv1SacMelQ_eOIUKLKYw_e8CkUgVu&vsn=2.0.0' failed: Error in connection establishment: net::ERR_NAME_NOT_RESOLVED @ http://localhost:3000/_next/static/chunks/node_modules_1s82ytv._.js:11925
[272888416ms] [ERROR] WebSocket connection to 'wss://jnmhsflhnpluooxgxmjo.supabase.co/realtime/v1/websocket?apikey=sb_publishable_L9vv1SacMelQ_eOIUKLKYw_e8CkUgVu&vsn=2.0.0' failed: Error in connection establishment: net::ERR_NAME_NOT_RESOLVED @ http://localhost:3000/_next/static/chunks/node_modules_1s82ytv._.js:11925
[301631904ms] [ERROR] WebSocket connection to 'wss://jnmhsflhnpluooxgxmjo.supabase.co/realtime/v1/websocket?apikey=sb_publishable_L9vv1SacMelQ_eOIUKLKYw_e8CkUgVu&vsn=2.0.0' failed: Error in connection establishment: net::ERR_ADDRESS_UNREACHABLE @ http://localhost:3000/_next/static/chunks/node_modules_1s82ytv._.js:11925
[301633908ms] [ERROR] WebSocket connection to 'wss://jnmhsflhnpluooxgxmjo.supabase.co/realtime/v1/websocket?apikey=sb_publishable_L9vv1SacMelQ_eOIUKLKYw_e8CkUgVu&vsn=2.0.0' failed: Error in connection establishment: net::ERR_ADDRESS_UNREACHABLE @ http://localhost:3000/_next/static/chunks/node_modules_1s82ytv._.js:11925
[304179075ms] [ERROR] WebSocket connection to 'wss://jnmhsflhnpluooxgxmjo.supabase.co/realtime/v1/websocket?apikey=sb_publishable_L9vv1SacMelQ_eOIUKLKYw_e8CkUgVu&vsn=2.0.0' failed: WebSocket opening handshake timed out @ http://localhost:3000/_next/static/chunks/node_modules_1s82ytv._.js:11925
[308031965ms] [ERROR] WebSocket connection to 'wss://jnmhsflhnpluooxgxmjo.supabase.co/realtime/v1/websocket?apikey=sb_publishable_L9vv1SacMelQ_eOIUKLKYw_e8CkUgVu&vsn=2.0.0' failed: WebSocket opening handshake timed out @ http://localhost:3000/_next/static/chunks/node_modules_1s82ytv._.js:11925
[308063974ms] [ERROR] WebSocket connection to 'wss://jnmhsflhnpluooxgxmjo.supabase.co/realtime/v1/websocket?apikey=sb_publishable_L9vv1SacMelQ_eOIUKLKYw_e8CkUgVu&vsn=2.0.0' failed: Error in connection establishment: net::ERR_NAME_NOT_RESOLVED @ http://localhost:3000/_next/static/chunks/node_modules_1s82ytv._.js:11925
[308098982ms] [ERROR] WebSocket connection to 'wss://jnmhsflhnpluooxgxmjo.supabase.co/realtime/v1/websocket?apikey=sb_publishable_L9vv1SacMelQ_eOIUKLKYw_e8CkUgVu&vsn=2.0.0' failed: Error in connection establishment: net::ERR_NAME_NOT_RESOLVED @ http://localhost:3000/_next/static/chunks/node_modules_1s82ytv._.js:11925
[308147015ms] [ERROR] WebSocket connection to 'wss://jnmhsflhnpluooxgxmjo.supabase.co/realtime/v1/websocket?apikey=sb_publishable_L9vv1SacMelQ_eOIUKLKYw_e8CkUgVu&vsn=2.0.0' failed: WebSocket opening handshake timed out @ http://localhost:3000/_next/static/chunks/node_modules_1s82ytv._.js:11925
[308619389ms] [ERROR] WebSocket connection to 'wss://jnmhsflhnpluooxgxmjo.supabase.co/realtime/v1/websocket?apikey=sb_publishable_L9vv1SacMelQ_eOIUKLKYw_e8CkUgVu&vsn=2.0.0' failed: Error in connection establishment: net::ERR_NAME_NOT_RESOLVED @ http://localhost:3000/_next/static/chunks/node_modules_1s82ytv._.js:11925
[308651398ms] [ERROR] WebSocket connection to 'wss://jnmhsflhnpluooxgxmjo.supabase.co/realtime/v1/websocket?apikey=sb_publishable_L9vv1SacMelQ_eOIUKLKYw_e8CkUgVu&vsn=2.0.0' failed: Error in connection establishment: net::ERR_NAME_NOT_RESOLVED @ http://localhost:3000/_next/static/chunks/node_modules_1s82ytv._.js:11925
[308686403ms] [ERROR] WebSocket connection to 'wss://jnmhsflhnpluooxgxmjo.supabase.co/realtime/v1/websocket?apikey=sb_publishable_L9vv1SacMelQ_eOIUKLKYw_e8CkUgVu&vsn=2.0.0' failed: Error in connection establishment: net::ERR_NAME_NOT_RESOLVED @ http://localhost:3000/_next/static/chunks/node_modules_1s82ytv._.js:11925
[308731161ms] [ERROR] WebSocket connection to 'wss://jnmhsflhnpluooxgxmjo.supabase.co/realtime/v1/websocket?apikey=sb_publishable_L9vv1SacMelQ_eOIUKLKYw_e8CkUgVu&vsn=2.0.0' failed: WebSocket opening handshake timed out @ http://localhost:3000/_next/static/chunks/node_modules_1s82ytv._.js:11925
[308780164ms] [ERROR] WebSocket connection to 'wss://jnmhsflhnpluooxgxmjo.supabase.co/realtime/v1/websocket?apikey=sb_publishable_L9vv1SacMelQ_eOIUKLKYw_e8CkUgVu&vsn=2.0.0' failed: Error in connection establishment: net::ERR_CONNECTION_RESET @ http://localhost:3000/_next/static/chunks/node_modules_1s82ytv._.js:11925
[308832396ms] [ERROR] WebSocket connection to 'wss://jnmhsflhnpluooxgxmjo.supabase.co/realtime/v1/websocket?apikey=sb_publishable_L9vv1SacMelQ_eOIUKLKYw_e8CkUgVu&vsn=2.0.0' failed: WebSocket opening handshake timed out @ http://localhost:3000/_next/static/chunks/node_modules_1s82ytv._.js:11925
[309713551ms] [ERROR] WebSocket connection to 'wss://jnmhsflhnpluooxgxmjo.supabase.co/realtime/v1/websocket?apikey=sb_publishable_L9vv1SacMelQ_eOIUKLKYw_e8CkUgVu&vsn=2.0.0' failed: Error in connection establishment: net::ERR_NAME_NOT_RESOLVED @ http://localhost:3000/_next/static/chunks/node_modules_1s82ytv._.js:11925
[309734916ms] [ERROR] WebSocket connection to 'wss://jnmhsflhnpluooxgxmjo.supabase.co/realtime/v1/websocket?apikey=sb_publishable_L9vv1SacMelQ_eOIUKLKYw_e8CkUgVu&vsn=2.0.0' failed: Error in connection establishment: net::ERR_NAME_NOT_RESOLVED @ http://localhost:3000/_next/static/chunks/node_modules_1s82ytv._.js:11925
[309773175ms] [ERROR] WebSocket connection to 'wss://jnmhsflhnpluooxgxmjo.supabase.co/realtime/v1/websocket?apikey=sb_publishable_L9vv1SacMelQ_eOIUKLKYw_e8CkUgVu&vsn=2.0.0' failed: Error in connection establishment: net::ERR_CONNECTION_RESET @ http://localhost:3000/_next/static/chunks/node_modules_1s82ytv._.js:11925
[310119561ms] [ERROR] WebSocket connection to 'wss://jnmhsflhnpluooxgxmjo.supabase.co/realtime/v1/websocket?apikey=sb_publishable_L9vv1SacMelQ_eOIUKLKYw_e8CkUgVu&vsn=2.0.0' failed: Error in connection establishment: net::ERR_CONNECTION_TIMED_OUT @ http://localhost:3000/_next/static/chunks/node_modules_1s82ytv._.js:11925
[330478677ms] [LOG] [Fast Refresh] rebuilding @ http://localhost:3000/_next/static/chunks/node_modules_next_dist_1e8vcs8._.js:776
[330478706ms] [LOG] [Fast Refresh] done in 133ms @ http://localhost:3000/_next/static/chunks/node_modules_next_dist_1e8vcs8._.js:776
[344813525ms] [ERROR] WebSocket connection to 'wss://jnmhsflhnpluooxgxmjo.supabase.co/realtime/v1/websocket?apikey=sb_publishable_L9vv1SacMelQ_eOIUKLKYw_e8CkUgVu&vsn=2.0.0' failed: Error in connection establishment: net::ERR_INTERNET_DISCONNECTED @ http://localhost:3000/_next/static/chunks/node_modules_1s82ytv._.js:11925
[344815531ms] [ERROR] WebSocket connection to 'wss://jnmhsflhnpluooxgxmjo.supabase.co/realtime/v1/websocket?apikey=sb_publishable_L9vv1SacMelQ_eOIUKLKYw_e8CkUgVu&vsn=2.0.0' failed: Error in connection establishment: net::ERR_INTERNET_DISCONNECTED @ http://localhost:3000/_next/static/chunks/node_modules_1s82ytv._.js:11925
[344820536ms] [ERROR] WebSocket connection to 'wss://jnmhsflhnpluooxgxmjo.supabase.co/realtime/v1/websocket?apikey=sb_publishable_L9vv1SacMelQ_eOIUKLKYw_e8CkUgVu&vsn=2.0.0' failed: Error in connection establishment: net::ERR_NAME_NOT_RESOLVED @ http://localhost:3000/_next/static/chunks/node_modules_1s82ytv._.js:11925
[344830540ms] [ERROR] WebSocket connection to 'wss://jnmhsflhnpluooxgxmjo.supabase.co/realtime/v1/websocket?apikey=sb_publishable_L9vv1SacMelQ_eOIUKLKYw_e8CkUgVu&vsn=2.0.0' failed: Error in connection establishment: net::ERR_NAME_NOT_RESOLVED @ http://localhost:3000/_next/static/chunks/node_modules_1s82ytv._.js:11925
[344840551ms] [ERROR] WebSocket connection to 'wss://jnmhsflhnpluooxgxmjo.supabase.co/realtime/v1/websocket?apikey=sb_publishable_L9vv1SacMelQ_eOIUKLKYw_e8CkUgVu&vsn=2.0.0' failed: Error in connection establishment: net::ERR_NAME_NOT_RESOLVED @ http://localhost:3000/_next/static/chunks/node_modules_1s82ytv._.js:11925
[344850561ms] [ERROR] WebSocket connection to 'wss://jnmhsflhnpluooxgxmjo.supabase.co/realtime/v1/websocket?apikey=sb_publishable_L9vv1SacMelQ_eOIUKLKYw_e8CkUgVu&vsn=2.0.0' failed: Error in connection establishment: net::ERR_NAME_NOT_RESOLVED @ http://localhost:3000/_next/static/chunks/node_modules_1s82ytv._.js:11925
[344860573ms] [ERROR] WebSocket connection to 'wss://jnmhsflhnpluooxgxmjo.supabase.co/realtime/v1/websocket?apikey=sb_publishable_L9vv1SacMelQ_eOIUKLKYw_e8CkUgVu&vsn=2.0.0' failed: Error in connection establishment: net::ERR_NAME_NOT_RESOLVED @ http://localhost:3000/_next/static/chunks/node_modules_1s82ytv._.js:11925
[344870585ms] [ERROR] WebSocket connection to 'wss://jnmhsflhnpluooxgxmjo.supabase.co/realtime/v1/websocket?apikey=sb_publishable_L9vv1SacMelQ_eOIUKLKYw_e8CkUgVu&vsn=2.0.0' failed: Error in connection establishment: net::ERR_NAME_NOT_RESOLVED @ http://localhost:3000/_next/static/chunks/node_modules_1s82ytv._.js:11925
[344880610ms] [ERROR] WebSocket connection to 'wss://jnmhsflhnpluooxgxmjo.supabase.co/realtime/v1/websocket?apikey=sb_publishable_L9vv1SacMelQ_eOIUKLKYw_e8CkUgVu&vsn=2.0.0' failed: Error in connection establishment: net::ERR_NAME_NOT_RESOLVED @ http://localhost:3000/_next/static/chunks/node_modules_1s82ytv._.js:11925
[359277245ms] [ERROR] WebSocket connection to 'wss://jnmhsflhnpluooxgxmjo.supabase.co/realtime/v1/websocket?apikey=sb_publishable_L9vv1SacMelQ_eOIUKLKYw_e8CkUgVu&vsn=2.0.0' failed: Error in connection establishment: net::ERR_NAME_NOT_RESOLVED @ http://localhost:3000/_next/static/chunks/node_modules_1s82ytv._.js:11925
[388017289ms] [ERROR] WebSocket connection to 'wss://jnmhsflhnpluooxgxmjo.supabase.co/realtime/v1/websocket?apikey=sb_publishable_L9vv1SacMelQ_eOIUKLKYw_e8CkUgVu&vsn=2.0.0' failed: Error in connection establishment: net::ERR_ADDRESS_UNREACHABLE @ http://localhost:3000/_next/static/chunks/node_modules_1s82ytv._.js:11925
[388019294ms] [ERROR] WebSocket connection to 'wss://jnmhsflhnpluooxgxmjo.supabase.co/realtime/v1/websocket?apikey=sb_publishable_L9vv1SacMelQ_eOIUKLKYw_e8CkUgVu&vsn=2.0.0' failed: Error in connection establishment: net::ERR_ADDRESS_UNREACHABLE @ http://localhost:3000/_next/static/chunks/node_modules_1s82ytv._.js:11925
[388024297ms] [ERROR] WebSocket connection to 'wss://jnmhsflhnpluooxgxmjo.supabase.co/realtime/v1/websocket?apikey=sb_publishable_L9vv1SacMelQ_eOIUKLKYw_e8CkUgVu&vsn=2.0.0' failed: Error in connection establishment: net::ERR_ADDRESS_UNREACHABLE @ http://localhost:3000/_next/static/chunks/node_modules_1s82ytv._.js:11925
[416879399ms] [LOG] [Fast Refresh] rebuilding @ http://localhost:3000/_next/static/chunks/node_modules_next_dist_1e8vcs8._.js:776
[416879435ms] [LOG] [Fast Refresh] done in 141ms @ http://localhost:3000/_next/static/chunks/node_modules_next_dist_1e8vcs8._.js:776
[445664734ms] [ERROR] WebSocket connection to 'wss://jnmhsflhnpluooxgxmjo.supabase.co/realtime/v1/websocket?apikey=sb_publishable_L9vv1SacMelQ_eOIUKLKYw_e8CkUgVu&vsn=2.0.0' failed: Error in connection establishment: net::ERR_NAME_NOT_RESOLVED @ http://localhost:3000/_next/static/chunks/node_modules_1s82ytv._.js:11925
[445696742ms] [ERROR] WebSocket connection to 'wss://jnmhsflhnpluooxgxmjo.supabase.co/realtime/v1/websocket?apikey=sb_publishable_L9vv1SacMelQ_eOIUKLKYw_e8CkUgVu&vsn=2.0.0' failed: Error in connection establishment: net::ERR_NAME_NOT_RESOLVED @ http://localhost:3000/_next/static/chunks/node_modules_1s82ytv._.js:11925
[474431880ms] [ERROR] WebSocket connection to 'wss://jnmhsflhnpluooxgxmjo.supabase.co/realtime/v1/websocket?apikey=sb_publishable_L9vv1SacMelQ_eOIUKLKYw_e8CkUgVu&vsn=2.0.0' failed: Error in connection establishment: net::ERR_ADDRESS_UNREACHABLE @ http://localhost:3000/_next/static/chunks/node_modules_1s82ytv._.js:11925
[503280043ms] [LOG] [Fast Refresh] rebuilding @ http://localhost:3000/_next/static/chunks/node_modules_next_dist_1e8vcs8._.js:776
[503280108ms] [LOG] [Fast Refresh] done in 174ms @ http://localhost:3000/_next/static/chunks/node_modules_next_dist_1e8vcs8._.js:776
[518737932ms] [ERROR] WebSocket connection to 'wss://jnmhsflhnpluooxgxmjo.supabase.co/realtime/v1/websocket?apikey=sb_publishable_L9vv1SacMelQ_eOIUKLKYw_e8CkUgVu&vsn=2.0.0' failed: Error in connection establishment: net::ERR_INTERNET_DISCONNECTED @ http://localhost:3000/_next/static/chunks/node_modules_1s82ytv._.js:11925
[518739936ms] [ERROR] WebSocket connection to 'wss://jnmhsflhnpluooxgxmjo.supabase.co/realtime/v1/websocket?apikey=sb_publishable_L9vv1SacMelQ_eOIUKLKYw_e8CkUgVu&vsn=2.0.0' failed: Error in connection establishment: net::ERR_INTERNET_DISCONNECTED @ http://localhost:3000/_next/static/chunks/node_modules_1s82ytv._.js:11925
[518744942ms] [ERROR] WebSocket connection to 'wss://jnmhsflhnpluooxgxmjo.supabase.co/realtime/v1/websocket?apikey=sb_publishable_L9vv1SacMelQ_eOIUKLKYw_e8CkUgVu&vsn=2.0.0' failed: Error in connection establishment: net::ERR_INTERNET_DISCONNECTED @ http://localhost:3000/_next/static/chunks/node_modules_1s82ytv._.js:11925
[518754946ms] [ERROR] WebSocket connection to 'wss://jnmhsflhnpluooxgxmjo.supabase.co/realtime/v1/websocket?apikey=sb_publishable_L9vv1SacMelQ_eOIUKLKYw_e8CkUgVu&vsn=2.0.0' failed: Error in connection establishment: net::ERR_NAME_NOT_RESOLVED @ http://localhost:3000/_next/static/chunks/node_modules_1s82ytv._.js:11925
[518764950ms] [ERROR] WebSocket connection to 'wss://jnmhsflhnpluooxgxmjo.supabase.co/realtime/v1/websocket?apikey=sb_publishable_L9vv1SacMelQ_eOIUKLKYw_e8CkUgVu&vsn=2.0.0' failed: Error in connection establishment: net::ERR_NAME_NOT_RESOLVED @ http://localhost:3000/_next/static/chunks/node_modules_1s82ytv._.js:11925
[518774955ms] [ERROR] WebSocket connection to 'wss://jnmhsflhnpluooxgxmjo.supabase.co/realtime/v1/websocket?apikey=sb_publishable_L9vv1SacMelQ_eOIUKLKYw_e8CkUgVu&vsn=2.0.0' failed: Error in connection establishment: net::ERR_NAME_NOT_RESOLVED @ http://localhost:3000/_next/static/chunks/node_modules_1s82ytv._.js:11925
[518784961ms] [ERROR] WebSocket connection to 'wss://jnmhsflhnpluooxgxmjo.supabase.co/realtime/v1/websocket?apikey=sb_publishable_L9vv1SacMelQ_eOIUKLKYw_e8CkUgVu&vsn=2.0.0' failed: Error in connection establishment: net::ERR_NAME_NOT_RESOLVED @ http://localhost:3000/_next/static/chunks/node_modules_1s82ytv._.js:11925
[518794966ms] [ERROR] WebSocket connection to 'wss://jnmhsflhnpluooxgxmjo.supabase.co/realtime/v1/websocket?apikey=sb_publishable_L9vv1SacMelQ_eOIUKLKYw_e8CkUgVu&vsn=2.0.0' failed: Error in connection establishment: net::ERR_NAME_NOT_RESOLVED @ http://localhost:3000/_next/static/chunks/node_modules_1s82ytv._.js:11925
[518804971ms] [ERROR] WebSocket connection to 'wss://jnmhsflhnpluooxgxmjo.supabase.co/realtime/v1/websocket?apikey=sb_publishable_L9vv1SacMelQ_eOIUKLKYw_e8CkUgVu&vsn=2.0.0' failed: Error in connection establishment: net::ERR_NAME_NOT_RESOLVED @ http://localhost:3000/_next/static/chunks/node_modules_1s82ytv._.js:11925
[532068214ms] [ERROR] WebSocket connection to 'wss://jnmhsflhnpluooxgxmjo.supabase.co/realtime/v1/websocket?apikey=sb_publishable_L9vv1SacMelQ_eOIUKLKYw_e8CkUgVu&vsn=2.0.0' failed: Error in connection establishment: net::ERR_NAME_NOT_RESOLVED @ http://localhost:3000/_next/static/chunks/node_modules_1s82ytv._.js:11925
[589411980ms] [LOG] [Fast Refresh] rebuilding @ http://localhost:3000/_next/static/chunks/node_modules_next_dist_1e8vcs8._.js:776
[600933552ms] [ERROR] WebSocket connection to 'ws://localhost:3000/_next/hmr?id=C1aaWcu__LNyYd2FkL3rI' failed: Error in connection establishment: net::ERR_CONNECTION_REFUSED @ http://localhost:3000/_next/static/chunks/node_modules_next_dist_client_0_90u2t._.js:16359
[600934554ms] [ERROR] WebSocket connection to 'ws://localhost:3000/_next/hmr?id=C1aaWcu__LNyYd2FkL3rI' failed: Error in connection establishment: net::ERR_CONNECTION_REFUSED @ http://localhost:3000/_next/static/chunks/node_modules_next_dist_client_0_90u2t._.js:16359
[600935557ms] [ERROR] WebSocket connection to 'ws://localhost:3000/_next/hmr?id=C1aaWcu__LNyYd2FkL3rI' failed: Error in connection establishment: net::ERR_CONNECTION_REFUSED @ http://localhost:3000/_next/static/chunks/node_modules_next_dist_client_0_90u2t._.js:16359
[600936562ms] [ERROR] WebSocket connection to 'ws://localhost:3000/_next/hmr?id=C1aaWcu__LNyYd2FkL3rI' failed: Error in connection establishment: net::ERR_CONNECTION_REFUSED @ http://localhost:3000/_next/static/chunks/node_modules_next_dist_client_0_90u2t._.js:16359
[600937567ms] [ERROR] WebSocket connection to 'ws://localhost:3000/_next/hmr?id=C1aaWcu__LNyYd2FkL3rI' failed: Error in connection establishment: net::ERR_CONNECTION_REFUSED @ http://localhost:3000/_next/static/chunks/node_modules_next_dist_client_0_90u2t._.js:16359
[600942576ms] [ERROR] WebSocket connection to 'ws://localhost:3000/_next/hmr?id=C1aaWcu__LNyYd2FkL3rI' failed: Error in connection establishment: net::ERR_CONNECTION_REFUSED @ http://localhost:3000/_next/static/chunks/node_modules_next_dist_client_0_90u2t._.js:16359
[600947591ms] [ERROR] WebSocket connection to 'ws://localhost:3000/_next/hmr?id=C1aaWcu__LNyYd2FkL3rI' failed: Error in connection establishment: net::ERR_CONNECTION_REFUSED @ http://localhost:3000/_next/static/chunks/node_modules_next_dist_client_0_90u2t._.js:16359
[600952604ms] [ERROR] WebSocket connection to 'ws://localhost:3000/_next/hmr?id=C1aaWcu__LNyYd2FkL3rI' failed: Error in connection establishment: net::ERR_CONNECTION_REFUSED @ http://localhost:3000/_next/static/chunks/node_modules_next_dist_client_0_90u2t._.js:16359
[600957628ms] [ERROR] WebSocket connection to 'ws://localhost:3000/_next/hmr?id=C1aaWcu__LNyYd2FkL3rI' failed: Error in connection establishment: net::ERR_CONNECTION_REFUSED @ http://localhost:3000/_next/static/chunks/node_modules_next_dist_client_0_90u2t._.js:16359
[600962686ms] [ERROR] WebSocket connection to 'ws://localhost:3000/_next/hmr?id=C1aaWcu__LNyYd2FkL3rI' failed: Error in connection establishment: net::ERR_CONNECTION_REFUSED @ http://localhost:3000/_next/static/chunks/node_modules_next_dist_client_0_90u2t._.js:16359
[600967735ms] [ERROR] WebSocket connection to 'ws://localhost:3000/_next/hmr?id=C1aaWcu__LNyYd2FkL3rI' failed: Error in connection establishment: net::ERR_CONNECTION_REFUSED @ http://localhost:3000/_next/static/chunks/node_modules_next_dist_client_0_90u2t._.js:16359
[600972849ms] [ERROR] WebSocket connection to 'ws://localhost:3000/_next/hmr?id=C1aaWcu__LNyYd2FkL3rI' failed: Error in connection establishment: net::ERR_CONNECTION_REFUSED @ http://localhost:3000/_next/static/chunks/node_modules_next_dist_client_0_90u2t._.js:16359
[913617938ms] [ERROR] Failed to load resource: the server responded with a status of 404 (Not Found) @ http://localhost:3000/pricing:0
[913618096ms] [INFO] %cDownload the React DevTools for a better development experience: https://react.dev/link/react-devtools font-weight:bold @ http://localhost:3000/_next/static/chunks/node_modules_next_dist_1e8vcs8._.js:776
[913618151ms] [LOG] [HMR] connected @ http://localhost:3000/_next/static/chunks/node_modules_next_dist_1e8vcs8._.js:776
[914134870ms] [LOG] [Fast Refresh] rebuilding @ http://localhost:3000/_next/static/chunks/node_modules_next_dist_1e8vcs8._.js:776
[914135517ms] [LOG] [Fast Refresh] done in 748ms @ http://localhost:3000/_next/static/chunks/node_modules_next_dist_1e8vcs8._.js:776
[914208945ms] [LOG] [Fast Refresh] rebuilding @ http://localhost:3000/_next/static/chunks/node_modules_next_dist_1e8vcs8._.js:776
[914208962ms] [LOG] [Fast Refresh] done in 121ms @ http://localhost:3000/_next/static/chunks/node_modules_next_dist_1e8vcs8._.js:776
[914223847ms] [LOG] [Fast Refresh] rebuilding @ http://localhost:3000/_next/static/chunks/node_modules_next_dist_1e8vcs8._.js:776
[914223955ms] [LOG] [Fast Refresh] done in 208ms @ http://localhost:3000/_next/static/chunks/node_modules_next_dist_1e8vcs8._.js:776
[914729419ms] [LOG] [Fast Refresh] rebuilding @ http://localhost:3000/_next/static/chunks/node_modules_next_dist_1e8vcs8._.js:776
[914729484ms] [LOG] [Fast Refresh] done in 141ms @ http://localhost:3000/_next/static/chunks/node_modules_next_dist_1e8vcs8._.js:776
[914735513ms] [LOG] [Fast Refresh] done in 6199ms @ http://localhost:3000/_next/static/chunks/node_modules_next_dist_1e8vcs8._.js:776
[914735579ms] [LOG] [Fast Refresh] done in 6199ms @ http://localhost:3000/_next/static/chunks/node_modules_next_dist_1e8vcs8._.js:776
[914735669ms] [ERROR] Failed to load resource: the server responded with a status of 404 (Not Found) @ http://localhost:3000/pricing?_rsc=7TmJZH1YHwSue7fr:0
[914735717ms] [LOG] [Fast Refresh] done in 6199ms @ http://localhost:3000/_next/static/chunks/node_modules_next_dist_1e8vcs8._.js:776
[914735765ms] [LOG] [Fast Refresh] done in 6199ms @ http://localhost:3000/_next/static/chunks/node_modules_next_dist_1e8vcs8._.js:776
[914735799ms] [ERROR] Failed to load resource: the server responded with a status of 404 (Not Found) @ http://localhost:3000/pricing?_rsc=7TmJZH1YHwSue7fr:0
[914735891ms] [LOG] [Fast Refresh] done in 6199ms @ http://localhost:3000/_next/static/chunks/node_modules_next_dist_1e8vcs8._.js:776
[914735923ms] [ERROR] Failed to load resource: the server responded with a status of 404 (Not Found) @ http://localhost:3000/pricing?_rsc=7TmJZH1YHwSue7fr:0
[914735961ms] [ERROR] Failed to load resource: the server responded with a status of 404 (Not Found) @ http://localhost:3000/pricing:0
[914736259ms] [INFO] %cDownload the React DevTools for a better development experience: https://react.dev/link/react-devtools font-weight:bold @ http://localhost:3000/_next/static/chunks/node_modules_next_dist_1e8vcs8._.js:776
[914736279ms] [LOG] [HMR] connected @ http://localhost:3000/_next/static/chunks/node_modules_next_dist_1e8vcs8._.js:776
[914739357ms] [LOG] [Fast Refresh] rebuilding @ http://localhost:3000/_next/static/chunks/node_modules_next_dist_1e8vcs8._.js:776
[914739365ms] [LOG] [Fast Refresh] done in 109ms @ http://localhost:3000/_next/static/chunks/node_modules_next_dist_1e8vcs8._.js:776
[914739573ms] [LOG] [Fast Refresh] rebuilding @ http://localhost:3000/_next/static/chunks/node_modules_next_dist_1e8vcs8._.js:776
[914739697ms] [LOG] [Fast Refresh] done in 225ms @ http://localhost:3000/_next/static/chunks/node_modules_next_dist_1e8vcs8._.js:776
[914740260ms] [LOG] [Fast Refresh] rebuilding @ http://localhost:3000/_next/static/chunks/node_modules_next_dist_1e8vcs8._.js:776
[914740900ms] [LOG] [Fast Refresh] done in 742ms @ http://localhost:3000/_next/static/chunks/node_modules_next_dist_1e8vcs8._.js:776
[914741876ms] [LOG] [Fast Refresh] done in 793ms @ http://localhost:3000/_next/static/chunks/node_modules_next_dist_1e8vcs8._.js:776
[914741917ms] [ERROR] Failed to load resource: the server responded with a status of 404 (Not Found) @ http://localhost:3000/pricing?_rsc=7TmJZH1YHwSue7fr:0
[914741987ms] [LOG] [Fast Refresh] done in 793ms @ http://localhost:3000/_next/static/chunks/node_modules_next_dist_1e8vcs8._.js:776
[914742032ms] [ERROR] Failed to load resource: the server responded with a status of 404 (Not Found) @ http://localhost:3000/pricing?_rsc=7TmJZH1YHwSue7fr:0
[914742099ms] [LOG] [Fast Refresh] done in 793ms @ http://localhost:3000/_next/static/chunks/node_modules_next_dist_1e8vcs8._.js:776
[914742141ms] [ERROR] Failed to load resource: the server responded with a status of 404 (Not Found) @ http://localhost:3000/pricing:0
[914742247ms] [INFO] %cDownload the React DevTools for a better development experience: https://react.dev/link/react-devtools font-weight:bold @ http://localhost:3000/_next/static/chunks/node_modules_next_dist_1e8vcs8._.js:776
[914742334ms] [LOG] [HMR] connected @ http://localhost:3000/_next/static/chunks/node_modules_next_dist_1e8vcs8._.js:776
[914743916ms] [LOG] [Fast Refresh] rebuilding @ http://localhost:3000/_next/static/chunks/node_modules_next_dist_1e8vcs8._.js:776
[914744028ms] [LOG] [Fast Refresh] done in 213ms @ http://localhost:3000/_next/static/chunks/node_modules_next_dist_1e8vcs8._.js:776
[914744532ms] [LOG] [Fast Refresh] rebuilding @ http://localhost:3000/_next/static/chunks/node_modules_next_dist_1e8vcs8._.js:776
[914744564ms] [LOG] [Fast Refresh] done in 134ms @ http://localhost:3000/_next/static/chunks/node_modules_next_dist_1e8vcs8._.js:776
[914744765ms] [LOG] [Fast Refresh] rebuilding @ http://localhost:3000/_next/static/chunks/node_modules_next_dist_1e8vcs8._.js:776
[914744955ms] [LOG] [Fast Refresh] done in 291ms @ http://localhost:3000/_next/static/chunks/node_modules_next_dist_1e8vcs8._.js:776
[914745163ms] [LOG] [Fast Refresh] rebuilding @ http://localhost:3000/_next/static/chunks/node_modules_next_dist_1e8vcs8._.js:776
[914745166ms] [LOG] [Fast Refresh] done in 103ms @ http://localhost:3000/_next/static/chunks/node_modules_next_dist_1e8vcs8._.js:776
[914745733ms] [LOG] [Fast Refresh] rebuilding @ http://localhost:3000/_next/static/chunks/node_modules_next_dist_1e8vcs8._.js:776
[914746158ms] [LOG] [Fast Refresh] done in 526ms @ http://localhost:3000/_next/static/chunks/node_modules_next_dist_1e8vcs8._.js:776
[914760479ms] [LOG] [Fast Refresh] rebuilding @ http://localhost:3000/_next/static/chunks/node_modules_next_dist_1e8vcs8._.js:776
[914760617ms] [LOG] [Fast Refresh] done in 127ms @ http://localhost:3000/_next/static/chunks/node_modules_next_dist_1e8vcs8._.js:776
[914760674ms] [ERROR] Failed to load resource: the server responded with a status of 404 (Not Found) @ http://localhost:3000/pricing?_rsc=7TmJZH1YHwSue7fr:0
[914760698ms] [LOG] [Fast Refresh] done in 127ms @ http://localhost:3000/_next/static/chunks/node_modules_next_dist_1e8vcs8._.js:776
[914760752ms] [LOG] [Fast Refresh] done in 127ms @ http://localhost:3000/_next/static/chunks/node_modules_next_dist_1e8vcs8._.js:776
[914760905ms] [ERROR] Failed to load resource: the server responded with a status of 404 (Not Found) @ http://localhost:3000/pricing:0
[914761074ms] [INFO] %cDownload the React DevTools for a better development experience: https://react.dev/link/react-devtools font-weight:bold @ http://localhost:3000/_next/static/chunks/node_modules_next_dist_1e8vcs8._.js:776
[914761111ms] [LOG] [HMR] connected @ http://localhost:3000/_next/static/chunks/node_modules_next_dist_1e8vcs8._.js:776
[914772969ms] [LOG] [Fast Refresh] rebuilding @ http://localhost:3000/_next/static/chunks/node_modules_next_dist_1e8vcs8._.js:776
[914773050ms] [LOG] [Fast Refresh] done in 182ms @ http://localhost:3000/_next/static/chunks/node_modules_next_dist_1e8vcs8._.js:776
[916247941ms] [LOG] [Fast Refresh] rebuilding @ http://localhost:3000/_next/static/chunks/node_modules_next_dist_1e8vcs8._.js:776
[916247943ms] [LOG] [Fast Refresh] done in 103ms @ http://localhost:3000/_next/static/chunks/node_modules_next_dist_1e8vcs8._.js:776
[916473895ms] [LOG] [Fast Refresh] rebuilding @ http://localhost:3000/_next/static/chunks/node_modules_next_dist_1e8vcs8._.js:776
[916473953ms] [LOG] [Fast Refresh] done in 10ms @ http://localhost:3000/_next/static/chunks/node_modules_next_dist_1e8vcs8._.js:776
[916474030ms] [ERROR] Failed to load resource: the server responded with a status of 404 (Not Found) @ http://localhost:3000/pricing?_rsc=7TmJZH1YHwSue7fr:0
[916474101ms] [LOG] [Fast Refresh] done in 10ms @ http://localhost:3000/_next/static/chunks/node_modules_next_dist_1e8vcs8._.js:776
[916474349ms] [LOG] [Fast Refresh] done in 10ms @ http://localhost:3000/_next/static/chunks/node_modules_next_dist_1e8vcs8._.js:776
[916474474ms] [LOG] [Fast Refresh] done in 10ms @ http://localhost:3000/_next/static/chunks/node_modules_next_dist_1e8vcs8._.js:776
[916474517ms] [ERROR] Failed to load resource: the server responded with a status of 404 (Not Found) @ http://localhost:3000/pricing:0
[916474750ms] [INFO] %cDownload the React DevTools for a better development experience: https://react.dev/link/react-devtools font-weight:bold @ http://localhost:3000/_next/static/chunks/node_modules_next_dist_1e8vcs8._.js:776
[916474803ms] [LOG] [HMR] connected @ http://localhost:3000/_next/static/chunks/node_modules_next_dist_1e8vcs8._.js:776
[916478531ms] [LOG] [Fast Refresh] rebuilding @ http://localhost:3000/_next/static/chunks/node_modules_next_dist_1e8vcs8._.js:776
[916478586ms] [ERROR] Failed to load resource: the server responded with a status of 404 (Not Found) @ http://localhost:3000/pricing?_rsc=7TmJZH1YHwSue7fr:0
[916478615ms] [LOG] [Fast Refresh] done in 18ms @ http://localhost:3000/_next/static/chunks/node_modules_next_dist_1e8vcs8._.js:776
[916478646ms] [LOG] [Fast Refresh] done in 18ms @ http://localhost:3000/_next/static/chunks/node_modules_next_dist_1e8vcs8._.js:776
[916478855ms] [LOG] [Fast Refresh] done in 18ms @ http://localhost:3000/_next/static/chunks/node_modules_next_dist_1e8vcs8._.js:776
[916478969ms] [ERROR] Failed to load resource: the server responded with a status of 404 (Not Found) @ http://localhost:3000/pricing:0
[916479104ms] [INFO] %cDownload the React DevTools for a better development experience: https://react.dev/link/react-devtools font-weight:bold @ http://localhost:3000/_next/static/chunks/node_modules_next_dist_1e8vcs8._.js:776
[916479143ms] [LOG] [HMR] connected @ http://localhost:3000/_next/static/chunks/node_modules_next_dist_1e8vcs8._.js:776
[916488063ms] [LOG] [Fast Refresh] rebuilding @ http://localhost:3000/_next/static/chunks/node_modules_next_dist_1e8vcs8._.js:776
[916488101ms] [ERROR] Failed to load resource: the server responded with a status of 404 (Not Found) @ http://localhost:3000/pricing?_rsc=7TmJZH1YHwSue7fr:0
[916488154ms] [LOG] [Fast Refresh] done in 14ms @ http://localhost:3000/_next/static/chunks/node_modules_next_dist_1e8vcs8._.js:776
[916488436ms] [ERROR] Failed to load resource: the server responded with a status of 404 (Not Found) @ http://localhost:3000/pricing:0
[916488550ms] [INFO] %cDownload the React DevTools for a better development experience: https://react.dev/link/react-devtools font-weight:bold @ http://localhost:3000/_next/static/chunks/node_modules_next_dist_1e8vcs8._.js:776
[916488621ms] [LOG] [HMR] connected @ http://localhost:3000/_next/static/chunks/node_modules_next_dist_1e8vcs8._.js:776
[916504841ms] [LOG] [Fast Refresh] rebuilding @ http://localhost:3000/_next/static/chunks/node_modules_next_dist_1e8vcs8._.js:776
[916504896ms] [ERROR] Failed to load resource: the server responded with a status of 404 (Not Found) @ http://localhost:3000/pricing?_rsc=7TmJZH1YHwSue7fr:0
[916504937ms] [LOG] [Fast Refresh] done in 90ms @ http://localhost:3000/_next/static/chunks/node_modules_next_dist_1e8vcs8._.js:776
[916505037ms] [LOG] [Fast Refresh] done in 90ms @ http://localhost:3000/_next/static/chunks/node_modules_next_dist_1e8vcs8._.js:776
[916505112ms] [LOG] [Fast Refresh] done in 90ms @ http://localhost:3000/_next/static/chunks/node_modules_next_dist_1e8vcs8._.js:776
[916505204ms] [ERROR] Failed to load resource: the server responded with a status of 404 (Not Found) @ http://localhost:3000/pricing:0
[916505355ms] [INFO] %cDownload the React DevTools for a better development experience: https://react.dev/link/react-devtools font-weight:bold @ http://localhost:3000/_next/static/chunks/node_modules_next_dist_1e8vcs8._.js:776
[916505373ms] [LOG] [HMR] connected @ http://localhost:3000/_next/static/chunks/node_modules_next_dist_1e8vcs8._.js:776
[916511303ms] [ERROR] Failed to load resource: the server responded with a status of 404 (Not Found) @ http://localhost:3000/pricing?_rsc=7TmJZH1YHwSue7fr:0
[916511551ms] [ERROR] Failed to load resource: the server responded with a status of 404 (Not Found) @ http://localhost:3000/pricing:0
[916511690ms] [INFO] %cDownload the React DevTools for a better development experience: https://react.dev/link/react-devtools font-weight:bold @ http://localhost:3000/_next/static/chunks/node_modules_next_dist_1e8vcs8._.js:776
[916511700ms] [LOG] [HMR] connected @ http://localhost:3000/_next/static/chunks/node_modules_next_dist_1e8vcs8._.js:776
[916693402ms] [LOG] [Fast Refresh] rebuilding @ http://localhost:3000/_next/static/chunks/node_modules_next_dist_1e8vcs8._.js:776
[916693451ms] [LOG] [Fast Refresh] done in 151ms @ http://localhost:3000/_next/static/chunks/node_modules_next_dist_1e8vcs8._.js:776
[916764208ms] [ERROR] Failed to load resource: the server responded with a status of 404 (Not Found) @ http://localhost:3000/pricing?_rsc=7TmJZH1YHwSue7fr:0
[916764259ms] [LOG] [Fast Refresh] rebuilding @ http://localhost:3000/_next/static/chunks/node_modules_next_dist_1e8vcs8._.js:776
[916764299ms] [LOG] [Fast Refresh] done in 143ms @ http://localhost:3000/_next/static/chunks/node_modules_next_dist_1e8vcs8._.js:776
[916764579ms] [ERROR] Failed to load resource: the server responded with a status of 404 (Not Found) @ http://localhost:3000/pricing:0
[916764728ms] [INFO] %cDownload the React DevTools for a better development experience: https://react.dev/link/react-devtools font-weight:bold @ http://localhost:3000/_next/static/chunks/node_modules_next_dist_1e8vcs8._.js:776
[916764739ms] [LOG] [HMR] connected @ http://localhost:3000/_next/static/chunks/node_modules_next_dist_1e8vcs8._.js:776
[916909543ms] [ERROR] Failed to load resource: the server responded with a status of 404 (Not Found) @ http://localhost:3000/pricing?_rsc=7TmJZH1YHwSue7fr:0
[916910065ms] [ERROR] Failed to load resource: the server responded with a status of 404 (Not Found) @ http://localhost:3000/pricing:0
[916910211ms] [INFO] %cDownload the React DevTools for a better development experience: https://react.dev/link/react-devtools font-weight:bold @ http://localhost:3000/_next/static/chunks/node_modules_next_dist_1e8vcs8._.js:776
[916910260ms] [LOG] [HMR] connected @ http://localhost:3000/_next/static/chunks/node_modules_next_dist_1e8vcs8._.js:776
[916920345ms] [ERROR] Failed to load resource: the server responded with a status of 404 (Not Found) @ http://localhost:3000/pricing?_rsc=7TmJZH1YHwSue7fr:0
[916920793ms] [ERROR] Failed to load resource: the server responded with a status of 404 (Not Found) @ http://localhost:3000/pricing:0
[916921056ms] [INFO] %cDownload the React DevTools for a better development experience: https://react.dev/link/react-devtools font-weight:bold @ http://localhost:3000/_next/static/chunks/node_modules_next_dist_1e8vcs8._.js:776
[916921067ms] [LOG] [HMR] connected @ http://localhost:3000/_next/static/chunks/node_modules_next_dist_1e8vcs8._.js:776
[916926900ms] [ERROR] Failed to load resource: the server responded with a status of 404 (Not Found) @ http://localhost:3000/pricing?_rsc=7TmJZH1YHwSue7fr:0
[916927119ms] [ERROR] Failed to load resource: the server responded with a status of 404 (Not Found) @ http://localhost:3000/pricing:0
[916927306ms] [INFO] %cDownload the React DevTools for a better development experience: https://react.dev/link/react-devtools font-weight:bold @ http://localhost:3000/_next/static/chunks/node_modules_next_dist_1e8vcs8._.js:776
[916927321ms] [LOG] [HMR] connected @ http://localhost:3000/_next/static/chunks/node_modules_next_dist_1e8vcs8._.js:776
[916935352ms] [LOG] [Fast Refresh] rebuilding @ http://localhost:3000/_next/static/chunks/node_modules_next_dist_1e8vcs8._.js:776
[916935476ms] [LOG] [Fast Refresh] done in 34ms @ http://localhost:3000/_next/static/chunks/node_modules_next_dist_1e8vcs8._.js:776
[916935513ms] [ERROR] Failed to load resource: the server responded with a status of 404 (Not Found) @ http://localhost:3000/pricing?_rsc=7TmJZH1YHwSue7fr:0
[916935583ms] [LOG] [Fast Refresh] done in 34ms @ http://localhost:3000/_next/static/chunks/node_modules_next_dist_1e8vcs8._.js:776
[916935669ms] [LOG] [Fast Refresh] done in 34ms @ http://localhost:3000/_next/static/chunks/node_modules_next_dist_1e8vcs8._.js:776
[916935740ms] [LOG] [Fast Refresh] done in 34ms @ http://localhost:3000/_next/static/chunks/node_modules_next_dist_1e8vcs8._.js:776
[916935841ms] [LOG] [Fast Refresh] done in 34ms @ http://localhost:3000/_next/static/chunks/node_modules_next_dist_1e8vcs8._.js:776
[916935842ms] [LOG] [Fast Refresh] done in 34ms @ http://localhost:3000/_next/static/chunks/node_modules_next_dist_1e8vcs8._.js:776
[916935958ms] [ERROR] Failed to load resource: the server responded with a status of 404 (Not Found) @ http://localhost:3000/pricing:0
[916936115ms] [INFO] %cDownload the React DevTools for a better development experience: https://react.dev/link/react-devtools font-weight:bold @ http://localhost:3000/_next/static/chunks/node_modules_next_dist_1e8vcs8._.js:776
[916936161ms] [LOG] [HMR] connected @ http://localhost:3000/_next/static/chunks/node_modules_next_dist_1e8vcs8._.js:776
[916947203ms] [LOG] [Fast Refresh] rebuilding @ http://localhost:3000/_next/static/chunks/node_modules_next_dist_1e8vcs8._.js:776
[916947332ms] [LOG] [Fast Refresh] done in 44ms @ http://localhost:3000/_next/static/chunks/node_modules_next_dist_1e8vcs8._.js:776
[916947351ms] [ERROR] Failed to load resource: the server responded with a status of 404 (Not Found) @ http://localhost:3000/pricing?_rsc=7TmJZH1YHwSue7fr:0
[916947371ms] [LOG] [Fast Refresh] done in 44ms @ http://localhost:3000/_next/static/chunks/node_modules_next_dist_1e8vcs8._.js:776
[916947418ms] [LOG] [Fast Refresh] done in 44ms @ http://localhost:3000/_next/static/chunks/node_modules_next_dist_1e8vcs8._.js:776
[916947542ms] [LOG] [Fast Refresh] done in 44ms @ http://localhost:3000/_next/static/chunks/node_modules_next_dist_1e8vcs8._.js:776
[916947644ms] [LOG] [Fast Refresh] done in 44ms @ http://localhost:3000/_next/static/chunks/node_modules_next_dist_1e8vcs8._.js:776
[916947687ms] [ERROR] Failed to load resource: the server responded with a status of 404 (Not Found) @ http://localhost:3000/pricing:0
[916947939ms] [INFO] %cDownload the React DevTools for a better development experience: https://react.dev/link/react-devtools font-weight:bold @ http://localhost:3000/_next/static/chunks/node_modules_next_dist_1e8vcs8._.js:776
[916947985ms] [LOG] [HMR] connected @ http://localhost:3000/_next/static/chunks/node_modules_next_dist_1e8vcs8._.js:776
[917250787ms] [LOG] [Fast Refresh] rebuilding @ http://localhost:3000/_next/static/chunks/node_modules_next_dist_1e8vcs8._.js:776
[917250871ms] [LOG] [Fast Refresh] done in 117ms @ http://localhost:3000/_next/static/chunks/node_modules_next_dist_1e8vcs8._.js:776
[917250879ms] [ERROR] Failed to load resource: the server responded with a status of 404 (Not Found) @ http://localhost:3000/pricing?_rsc=7TmJZH1YHwSue7fr:0
[917250926ms] [LOG] [Fast Refresh] done in 117ms @ http://localhost:3000/_next/static/chunks/node_modules_next_dist_1e8vcs8._.js:776
[917251046ms] [LOG] [Fast Refresh] done in 117ms @ http://localhost:3000/_next/static/chunks/node_modules_next_dist_1e8vcs8._.js:776
[917251206ms] [LOG] [Fast Refresh] done in 117ms @ http://localhost:3000/_next/static/chunks/node_modules_next_dist_1e8vcs8._.js:776
[917251338ms] [ERROR] Failed to load resource: the server responded with a status of 404 (Not Found) @ http://localhost:3000/pricing:0
[917251522ms] [INFO] %cDownload the React DevTools for a better development experience: https://react.dev/link/react-devtools font-weight:bold @ http://localhost:3000/_next/static/chunks/node_modules_next_dist_1e8vcs8._.js:776
[917251570ms] [LOG] [HMR] connected @ http://localhost:3000/_next/static/chunks/node_modules_next_dist_1e8vcs8._.js:776
[917263435ms] [LOG] [Fast Refresh] rebuilding @ http://localhost:3000/_next/static/chunks/node_modules_next_dist_1e8vcs8._.js:776
[917263500ms] [ERROR] Failed to load resource: the server responded with a status of 404 (Not Found) @ http://localhost:3000/pricing?_rsc=7TmJZH1YHwSue7fr:0
[917263553ms] [LOG] [Fast Refresh] done in 28ms @ http://localhost:3000/_next/static/chunks/node_modules_next_dist_1e8vcs8._.js:776
[917263614ms] [LOG] [Fast Refresh] done in 28ms @ http://localhost:3000/_next/static/chunks/node_modules_next_dist_1e8vcs8._.js:776
[917263692ms] [LOG] [Fast Refresh] done in 28ms @ http://localhost:3000/_next/static/chunks/node_modules_next_dist_1e8vcs8._.js:776
[917263794ms] [LOG] [Fast Refresh] done in 28ms @ http://localhost:3000/_next/static/chunks/node_modules_next_dist_1e8vcs8._.js:776
[917263821ms] [LOG] [Fast Refresh] done in 28ms @ http://localhost:3000/_next/static/chunks/node_modules_next_dist_1e8vcs8._.js:776
[917263932ms] [ERROR] Failed to load resource: the server responded with a status of 404 (Not Found) @ http://localhost:3000/pricing:0
[917264117ms] [INFO] %cDownload the React DevTools for a better development experience: https://react.dev/link/react-devtools font-weight:bold @ http://localhost:3000/_next/static/chunks/node_modules_next_dist_1e8vcs8._.js:776
[917264133ms] [LOG] [HMR] connected @ http://localhost:3000/_next/static/chunks/node_modules_next_dist_1e8vcs8._.js:776
[917275889ms] [LOG] [Fast Refresh] rebuilding @ http://localhost:3000/_next/static/chunks/node_modules_next_dist_1e8vcs8._.js:776
[917275933ms] [ERROR] Failed to load resource: the server responded with a status of 404 (Not Found) @ http://localhost:3000/pricing?_rsc=7TmJZH1YHwSue7fr:0
[917275994ms] [LOG] [Fast Refresh] done in 10ms @ http://localhost:3000/_next/static/chunks/node_modules_next_dist_1e8vcs8._.js:776
[917276082ms] [LOG] [Fast Refresh] done in 10ms @ http://localhost:3000/_next/static/chunks/node_modules_next_dist_1e8vcs8._.js:776
[917276245ms] [ERROR] Failed to load resource: the server responded with a status of 404 (Not Found) @ http://localhost:3000/pricing:0
[917276443ms] [INFO] %cDownload the React DevTools for a better development experience: https://react.dev/link/react-devtools font-weight:bold @ http://localhost:3000/_next/static/chunks/node_modules_next_dist_1e8vcs8._.js:776
[917276573ms] [LOG] [HMR] connected @ http://localhost:3000/_next/static/chunks/node_modules_next_dist_1e8vcs8._.js:776
[917289203ms] [ERROR] Failed to load resource: the server responded with a status of 404 (Not Found) @ http://localhost:3000/pricing?_rsc=7TmJZH1YHwSue7fr:0
[917289539ms] [ERROR] Failed to load resource: the server responded with a status of 404 (Not Found) @ http://localhost:3000/pricing:0
[917289737ms] [INFO] %cDownload the React DevTools for a better development experience: https://react.dev/link/react-devtools font-weight:bold @ http://localhost:3000/_next/static/chunks/node_modules_next_dist_1e8vcs8._.js:776
[917289742ms] [LOG] [HMR] connected @ http://localhost:3000/_next/static/chunks/node_modules_next_dist_1e8vcs8._.js:776
[917293391ms] [ERROR] Failed to load resource: the server responded with a status of 404 (Not Found) @ http://localhost:3000/pricing?_rsc=7TmJZH1YHwSue7fr:0
[917293753ms] [ERROR] Failed to load resource: the server responded with a status of 404 (Not Found) @ http://localhost:3000/pricing?_rsc=7TmJZH1YHwSue7fr:0
[917293886ms] [ERROR] Failed to load resource: the server responded with a status of 404 (Not Found) @ http://localhost:3000/pricing:0
[917294114ms] [INFO] %cDownload the React DevTools for a better development experience: https://react.dev/link/react-devtools font-weight:bold @ http://localhost:3000/_next/static/chunks/node_modules_next_dist_1e8vcs8._.js:776
[917294204ms] [LOG] [HMR] connected @ http://localhost:3000/_next/static/chunks/node_modules_next_dist_1e8vcs8._.js:776
[917298498ms] [LOG] [Fast Refresh] rebuilding @ http://localhost:3000/_next/static/chunks/node_modules_next_dist_1e8vcs8._.js:776
[917298525ms] [LOG] [Fast Refresh] done in 128ms @ http://localhost:3000/_next/static/chunks/node_modules_next_dist_1e8vcs8._.js:776
[917299186ms] [LOG] [Fast Refresh] rebuilding @ http://localhost:3000/_next/static/chunks/node_modules_next_dist_1e8vcs8._.js:776
[917299291ms] [LOG] [Fast Refresh] done in 207ms @ http://localhost:3000/_next/static/chunks/node_modules_next_dist_1e8vcs8._.js:776
[917300319ms] [LOG] [Fast Refresh] rebuilding @ http://localhost:3000/_next/static/chunks/node_modules_next_dist_1e8vcs8._.js:776
[917300327ms] [LOG] [Fast Refresh] done in 109ms @ http://localhost:3000/_next/static/chunks/node_modules_next_dist_1e8vcs8._.js:776
[917304969ms] [LOG] [Fast Refresh] rebuilding @ http://localhost:3000/_next/static/chunks/node_modules_next_dist_1e8vcs8._.js:776
[917305073ms] [LOG] [Fast Refresh] done in 78ms @ http://localhost:3000/_next/static/chunks/node_modules_next_dist_1e8vcs8._.js:776
[917305408ms] [ERROR] Failed to load resource: the server responded with a status of 404 (Not Found) @ http://localhost:3000/pricing?_rsc=7TmJZH1YHwSue7fr:0
[917305656ms] [ERROR] Failed to load resource: the server responded with a status of 404 (Not Found) @ http://localhost:3000/pricing:0
[917305715ms] [INFO] %cDownload the React DevTools for a better development experience: https://react.dev/link/react-devtools font-weight:bold @ http://localhost:3000/_next/static/chunks/node_modules_next_dist_1e8vcs8._.js:776
[917305731ms] [LOG] [HMR] connected @ http://localhost:3000/_next/static/chunks/node_modules_next_dist_1e8vcs8._.js:776
[917312475ms] [ERROR] Failed to load resource: the server responded with a status of 404 (Not Found) @ http://localhost:3000/pricing?_rsc=7TmJZH1YHwSue7fr:0
[917313031ms] [ERROR] Failed to load resource: the server responded with a status of 404 (Not Found) @ http://localhost:3000/pricing:0
[917313171ms] [INFO] %cDownload the React DevTools for a better development experience: https://react.dev/link/react-devtools font-weight:bold @ http://localhost:3000/_next/static/chunks/node_modules_next_dist_1e8vcs8._.js:776
[917313236ms] [LOG] [HMR] connected @ http://localhost:3000/_next/static/chunks/node_modules_next_dist_1e8vcs8._.js:776
[917325051ms] [LOG] [Fast Refresh] rebuilding @ http://localhost:3000/_next/static/chunks/node_modules_next_dist_1e8vcs8._.js:776
[917325279ms] [LOG] [Fast Refresh] done in 47ms @ http://localhost:3000/_next/static/chunks/node_modules_next_dist_1e8vcs8._.js:776
[917325342ms] [LOG] [Fast Refresh] done in 47ms @ http://localhost:3000/_next/static/chunks/node_modules_next_dist_1e8vcs8._.js:776
[917325361ms] [ERROR] Failed to load resource: the server responded with a status of 404 (Not Found) @ http://localhost:3000/pricing?_rsc=7TmJZH1YHwSue7fr:0
[917325401ms] [LOG] [Fast Refresh] done in 47ms @ http://localhost:3000/_next/static/chunks/node_modules_next_dist_1e8vcs8._.js:776
[917325500ms] [LOG] [Fast Refresh] done in 47ms @ http://localhost:3000/_next/static/chunks/node_modules_next_dist_1e8vcs8._.js:776
[917325616ms] [LOG] [Fast Refresh] done in 47ms @ http://localhost:3000/_next/static/chunks/node_modules_next_dist_1e8vcs8._.js:776
[917325731ms] [ERROR] Failed to load resource: the server responded with a status of 404 (Not Found) @ http://localhost:3000/pricing:0
[917325886ms] [INFO] %cDownload the React DevTools for a better development experience: https://react.dev/link/react-devtools font-weight:bold @ http://localhost:3000/_next/static/chunks/node_modules_next_dist_1e8vcs8._.js:776
[917325918ms] [LOG] [HMR] connected @ http://localhost:3000/_next/static/chunks/node_modules_next_dist_1e8vcs8._.js:776
[923512760ms] [LOG] [Fast Refresh] rebuilding @ http://localhost:3000/_next/static/chunks/node_modules_next_dist_1e8vcs8._.js:776
[923512903ms] [LOG] [Fast Refresh] done in 245ms @ http://localhost:3000/_next/static/chunks/node_modules_next_dist_1e8vcs8._.js:776
[923696286ms] [LOG] [Fast Refresh] rebuilding @ http://localhost:3000/_next/static/chunks/node_modules_next_dist_1e8vcs8._.js:776
[923696577ms] [LOG] [Fast Refresh] done in 359ms @ http://localhost:3000/_next/static/chunks/node_modules_next_dist_1e8vcs8._.js:776
[923696689ms] [ERROR] Failed to load resource: the server responded with a status of 404 (Not Found) @ http://localhost:3000/pricing?_rsc=7TmJZH1YHwSue7fr:0
[923697129ms] [ERROR] Failed to load resource: the server responded with a status of 404 (Not Found) @ http://localhost:3000/pricing:0
[923697507ms] [INFO] %cDownload the React DevTools for a better development experience: https://react.dev/link/react-devtools font-weight:bold @ http://localhost:3000/_next/static/chunks/node_modules_next_dist_1e8vcs8._.js:776
[923697565ms] [LOG] [HMR] connected @ http://localhost:3000/_next/static/chunks/node_modules_next_dist_1e8vcs8._.js:776
[923715492ms] [LOG] [Fast Refresh] rebuilding @ http://localhost:3000/_next/static/chunks/node_modules_next_dist_1e8vcs8._.js:776
[923715654ms] [LOG] [Fast Refresh] done in 235ms @ http://localhost:3000/_next/static/chunks/node_modules_next_dist_1e8vcs8._.js:776
[923715758ms] [ERROR] Failed to load resource: the server responded with a status of 404 (Not Found) @ http://localhost:3000/pricing?_rsc=7TmJZH1YHwSue7fr:0
[923715760ms] [LOG] [Fast Refresh] done in 235ms @ http://localhost:3000/_next/static/chunks/node_modules_next_dist_1e8vcs8._.js:776
[923715796ms] [LOG] [Fast Refresh] done in 235ms @ http://localhost:3000/_next/static/chunks/node_modules_next_dist_1e8vcs8._.js:776
[923715901ms] [LOG] [Fast Refresh] done in 235ms @ http://localhost:3000/_next/static/chunks/node_modules_next_dist_1e8vcs8._.js:776
[923715965ms] [LOG] [Fast Refresh] done in 235ms @ http://localhost:3000/_next/static/chunks/node_modules_next_dist_1e8vcs8._.js:776
[923716059ms] [LOG] [Fast Refresh] done in 235ms @ http://localhost:3000/_next/static/chunks/node_modules_next_dist_1e8vcs8._.js:776
[923716183ms] [ERROR] Failed to load resource: the server responded with a status of 404 (Not Found) @ http://localhost:3000/pricing:0
[923716362ms] [INFO] %cDownload the React DevTools for a better development experience: https://react.dev/link/react-devtools font-weight:bold @ http://localhost:3000/_next/static/chunks/node_modules_next_dist_1e8vcs8._.js:776
[923716372ms] [LOG] [HMR] connected @ http://localhost:3000/_next/static/chunks/node_modules_next_dist_1e8vcs8._.js:776
[923726072ms] [ERROR] Failed to load resource: the server responded with a status of 404 (Not Found) @ http://localhost:3000/pricing?_rsc=7TmJZH1YHwSue7fr:0
[923726608ms] [ERROR] Failed to load resource: the server responded with a status of 404 (Not Found) @ http://localhost:3000/pricing:0
[923726796ms] [INFO] %cDownload the React DevTools for a better development experience: https://react.dev/link/react-devtools font-weight:bold @ http://localhost:3000/_next/static/chunks/node_modules_next_dist_1e8vcs8._.js:776
[923726809ms] [LOG] [HMR] connected @ http://localhost:3000/_next/static/chunks/node_modules_next_dist_1e8vcs8._.js:776
[923734793ms] [ERROR] Failed to load resource: the server responded with a status of 404 (Not Found) @ http://localhost:3000/pricing?_rsc=7TmJZH1YHwSue7fr:0
[923735277ms] [ERROR] Failed to load resource: the server responded with a status of 404 (Not Found) @ http://localhost:3000/pricing:0
[923735462ms] [INFO] %cDownload the React DevTools for a better development experience: https://react.dev/link/react-devtools font-weight:bold @ http://localhost:3000/_next/static/chunks/node_modules_next_dist_1e8vcs8._.js:776
[923735489ms] [LOG] [HMR] connected @ http://localhost:3000/_next/static/chunks/node_modules_next_dist_1e8vcs8._.js:776
[923770683ms] [ERROR] Failed to load resource: the server responded with a status of 404 (Not Found) @ http://localhost:3000/pricing?_rsc=7TmJZH1YHwSue7fr:0
[923771469ms] [ERROR] Failed to load resource: the server responded with a status of 404 (Not Found) @ http://localhost:3000/pricing:0
[923771734ms] [INFO] %cDownload the React DevTools for a better development experience: https://react.dev/link/react-devtools font-weight:bold @ http://localhost:3000/_next/static/chunks/node_modules_next_dist_1e8vcs8._.js:776
[923771760ms] [LOG] [HMR] connected @ http://localhost:3000/_next/static/chunks/node_modules_next_dist_1e8vcs8._.js:776
[923950919ms] [ERROR] Failed to load resource: the server responded with a status of 404 (Not Found) @ http://localhost:3000/pricing?_rsc=7TmJZH1YHwSue7fr:0
[923951567ms] [ERROR] Failed to load resource: the server responded with a status of 404 (Not Found) @ http://localhost:3000/pricing?_rsc=7TmJZH1YHwSue7fr:0
[923951797ms] [ERROR] Failed to load resource: the server responded with a status of 404 (Not Found) @ http://localhost:3000/pricing:0
[923952022ms] [INFO] %cDownload the React DevTools for a better development experience: https://react.dev/link/react-devtools font-weight:bold @ http://localhost:3000/_next/static/chunks/node_modules_next_dist_1e8vcs8._.js:776
[923952044ms] [LOG] [HMR] connected @ http://localhost:3000/_next/static/chunks/node_modules_next_dist_1e8vcs8._.js:776
[923956097ms] [LOG] [Fast Refresh] rebuilding @ http://localhost:3000/_next/static/chunks/node_modules_next_dist_1e8vcs8._.js:776
[923956112ms] [LOG] [Fast Refresh] done in 117ms @ http://localhost:3000/_next/static/chunks/node_modules_next_dist_1e8vcs8._.js:776
[923959939ms] [LOG] [Fast Refresh] rebuilding @ http://localhost:3000/_next/static/chunks/node_modules_next_dist_1e8vcs8._.js:776
[923960115ms] [LOG] [Fast Refresh] done in 277ms @ http://localhost:3000/_next/static/chunks/node_modules_next_dist_1e8vcs8._.js:776
[923970454ms] [LOG] [Fast Refresh] rebuilding @ http://localhost:3000/_next/static/chunks/node_modules_next_dist_1e8vcs8._.js:776
[923970738ms] [LOG] [Fast Refresh] done in 181ms @ http://localhost:3000/_next/static/chunks/node_modules_next_dist_1e8vcs8._.js:776
[923970814ms] [ERROR] Failed to load resource: the server responded with a status of 404 (Not Found) @ http://localhost:3000/pricing?_rsc=7TmJZH1YHwSue7fr:0
[923970817ms] [LOG] [Fast Refresh] done in 181ms @ http://localhost:3000/_next/static/chunks/node_modules_next_dist_1e8vcs8._.js:776
[923970886ms] [LOG] [Fast Refresh] done in 181ms @ http://localhost:3000/_next/static/chunks/node_modules_next_dist_1e8vcs8._.js:776
[923971012ms] [LOG] [Fast Refresh] done in 181ms @ http://localhost:3000/_next/static/chunks/node_modules_next_dist_1e8vcs8._.js:776
[923971046ms] [LOG] [Fast Refresh] done in 181ms @ http://localhost:3000/_next/static/chunks/node_modules_next_dist_1e8vcs8._.js:776
[923971099ms] [LOG] [Fast Refresh] done in 181ms @ http://localhost:3000/_next/static/chunks/node_modules_next_dist_1e8vcs8._.js:776
[923971142ms] [LOG] [Fast Refresh] done in 181ms @ http://localhost:3000/_next/static/chunks/node_modules_next_dist_1e8vcs8._.js:776
[923971248ms] [ERROR] Failed to load resource: the server responded with a status of 404 (Not Found) @ http://localhost:3000/pricing:0
[923971476ms] [INFO] %cDownload the React DevTools for a better development experience: https://react.dev/link/react-devtools font-weight:bold @ http://localhost:3000/_next/static/chunks/node_modules_next_dist_1e8vcs8._.js:776
[923971528ms] [LOG] [HMR] connected @ http://localhost:3000/_next/static/chunks/node_modules_next_dist_1e8vcs8._.js:776
[926044771ms] [LOG] [Fast Refresh] rebuilding @ http://localhost:3000/_next/static/chunks/node_modules_next_dist_1e8vcs8._.js:776
[926044850ms] [LOG] [Fast Refresh] done in 149ms @ http://localhost:3000/_next/static/chunks/node_modules_next_dist_1e8vcs8._.js:776
[926045034ms] [LOG] [Fast Refresh] done in 149ms @ http://localhost:3000/_next/static/chunks/node_modules_next_dist_1e8vcs8._.js:776
[926045107ms] [ERROR] Failed to load resource: the server responded with a status of 404 (Not Found) @ http://localhost:3000/pricing?_rsc=7TmJZH1YHwSue7fr:0
[926045111ms] [LOG] [Fast Refresh] done in 149ms @ http://localhost:3000/_next/static/chunks/node_modules_next_dist_1e8vcs8._.js:776
[926045212ms] [LOG] [Fast Refresh] done in 149ms @ http://localhost:3000/_next/static/chunks/node_modules_next_dist_1e8vcs8._.js:776
[926045263ms] [LOG] [Fast Refresh] done in 149ms @ http://localhost:3000/_next/static/chunks/node_modules_next_dist_1e8vcs8._.js:776
[926045499ms] [LOG] [Fast Refresh] done in 149ms @ http://localhost:3000/_next/static/chunks/node_modules_next_dist_1e8vcs8._.js:776
[926045531ms] [LOG] [Fast Refresh] done in 149ms @ http://localhost:3000/_next/static/chunks/node_modules_next_dist_1e8vcs8._.js:776
[926045644ms] [ERROR] Failed to load resource: the server responded with a status of 404 (Not Found) @ http://localhost:3000/pricing:0
[926046025ms] [INFO] %cDownload the React DevTools for a better development experience: https://react.dev/link/react-devtools font-weight:bold @ http://localhost:3000/_next/static/chunks/node_modules_next_dist_1e8vcs8._.js:776
[926046125ms] [LOG] [HMR] connected @ http://localhost:3000/_next/static/chunks/node_modules_next_dist_1e8vcs8._.js:776
[926050724ms] [LOG] [Fast Refresh] rebuilding @ http://localhost:3000/_next/static/chunks/node_modules_next_dist_1e8vcs8._.js:776
[926050814ms] [LOG] [Fast Refresh] done in 82ms @ http://localhost:3000/_next/static/chunks/node_modules_next_dist_1e8vcs8._.js:776
[926050876ms] [ERROR] Failed to load resource: the server responded with a status of 404 (Not Found) @ http://localhost:3000/pricing?_rsc=7TmJZH1YHwSue7fr:0
[926050887ms] [LOG] [Fast Refresh] done in 82ms @ http://localhost:3000/_next/static/chunks/node_modules_next_dist_1e8vcs8._.js:776
[926050943ms] [LOG] [Fast Refresh] done in 82ms @ http://localhost:3000/_next/static/chunks/node_modules_next_dist_1e8vcs8._.js:776
[926050981ms] [LOG] [Fast Refresh] done in 82ms @ http://localhost:3000/_next/static/chunks/node_modules_next_dist_1e8vcs8._.js:776
[926051057ms] [LOG] [Fast Refresh] done in 82ms @ http://localhost:3000/_next/static/chunks/node_modules_next_dist_1e8vcs8._.js:776
[926051852ms] [LOG] [Fast Refresh] done in 82ms @ http://localhost:3000/_next/static/chunks/node_modules_next_dist_1e8vcs8._.js:776
[926051913ms] [LOG] [Fast Refresh] done in 82ms @ http://localhost:3000/_next/static/chunks/node_modules_next_dist_1e8vcs8._.js:776
[926051934ms] [ERROR] Failed to load resource: the server responded with a status of 404 (Not Found) @ http://localhost:3000/pricing:0
[926052265ms] [INFO] %cDownload the React DevTools for a better development experience: https://react.dev/link/react-devtools font-weight:bold @ http://localhost:3000/_next/static/chunks/node_modules_next_dist_1e8vcs8._.js:776
[926052355ms] [LOG] [HMR] connected @ http://localhost:3000/_next/static/chunks/node_modules_next_dist_1e8vcs8._.js:776
[927544316ms] [LOG] [Fast Refresh] rebuilding @ http://localhost:3000/_next/static/chunks/node_modules_next_dist_1e8vcs8._.js:776
[927544836ms] [LOG] [Fast Refresh] done in 588ms @ http://localhost:3000/_next/static/chunks/node_modules_next_dist_1e8vcs8._.js:776
[927544927ms] [ERROR] Failed to load resource: the server responded with a status of 404 (Not Found) @ http://localhost:3000/pricing?_rsc=7TmJZH1YHwSue7fr:0
[927545506ms] [ERROR] Failed to load resource: the server responded with a status of 404 (Not Found) @ http://localhost:3000/pricing:0
[927545732ms] [INFO] %cDownload the React DevTools for a better development experience: https://react.dev/link/react-devtools font-weight:bold @ http://localhost:3000/_next/static/chunks/node_modules_next_dist_1e8vcs8._.js:776
[927545829ms] [LOG] [HMR] connected @ http://localhost:3000/_next/static/chunks/node_modules_next_dist_1e8vcs8._.js:776
[927952666ms] [LOG] [Fast Refresh] done in 3617ms @ http://localhost:3000/_next/static/chunks/node_modules_next_dist_1e8vcs8._.js:776
[927952843ms] [LOG] [Fast Refresh] done in 3617ms @ http://localhost:3000/_next/static/chunks/node_modules_next_dist_1e8vcs8._.js:776
[927952940ms] [ERROR] Failed to load resource: the server responded with a status of 404 (Not Found) @ http://localhost:3000/pricing?_rsc=7TmJZH1YHwSue7fr:0
[927952989ms] [LOG] [Fast Refresh] done in 3617ms @ http://localhost:3000/_next/static/chunks/node_modules_next_dist_1e8vcs8._.js:776
[927953083ms] [LOG] [Fast Refresh] done in 3617ms @ http://localhost:3000/_next/static/chunks/node_modules_next_dist_1e8vcs8._.js:776
[927953166ms] [LOG] [Fast Refresh] done in 3617ms @ http://localhost:3000/_next/static/chunks/node_modules_next_dist_1e8vcs8._.js:776
[927953408ms] [LOG] [Fast Refresh] done in 3617ms @ http://localhost:3000/_next/static/chunks/node_modules_next_dist_1e8vcs8._.js:776
[927953555ms] [ERROR] Failed to load resource: the server responded with a status of 404 (Not Found) @ http://localhost:3000/pricing?_rsc=7TmJZH1YHwSue7fr:0
[927953790ms] [ERROR] Failed to load resource: the server responded with a status of 404 (Not Found) @ http://localhost:3000/pricing?_rsc=7TmJZH1YHwSue7fr:0
[927953817ms] [ERROR] Failed to load resource: the server responded with a status of 404 (Not Found) @ http://localhost:3000/pricing:0
[927953961ms] [INFO] %cDownload the React DevTools for a better development experience: https://react.dev/link/react-devtools font-weight:bold @ http://localhost:3000/_next/static/chunks/node_modules_next_dist_1e8vcs8._.js:776
[927953990ms] [LOG] [HMR] connected @ http://localhost:3000/_next/static/chunks/node_modules_next_dist_1e8vcs8._.js:776
[927967101ms] [LOG] [Fast Refresh] rebuilding @ http://localhost:3000/_next/static/chunks/node_modules_next_dist_1e8vcs8._.js:776
[927967108ms] [LOG] [Fast Refresh] done in 109ms @ http://localhost:3000/_next/static/chunks/node_modules_next_dist_1e8vcs8._.js:776
[927968185ms] [LOG] [Fast Refresh] rebuilding @ http://localhost:3000/_next/static/chunks/node_modules_next_dist_1e8vcs8._.js:776
[927968188ms] [LOG] [Fast Refresh] done in 104ms @ http://localhost:3000/_next/static/chunks/node_modules_next_dist_1e8vcs8._.js:776
[927968903ms] [LOG] [Fast Refresh] rebuilding @ http://localhost:3000/_next/static/chunks/node_modules_next_dist_1e8vcs8._.js:776
[927969285ms] [LOG] [Fast Refresh] done in 421ms @ http://localhost:3000/_next/static/chunks/node_modules_next_dist_1e8vcs8._.js:776
[927969534ms] [ERROR] Failed to load resource: the server responded with a status of 404 (Not Found) @ http://localhost:3000/pricing?_rsc=7TmJZH1YHwSue7fr:0
[927969723ms] [ERROR] Failed to load resource: the server responded with a status of 404 (Not Found) @ http://localhost:3000/pricing:0
[927969850ms] [INFO] %cDownload the React DevTools for a better development experience: https://react.dev/link/react-devtools font-weight:bold @ http://localhost:3000/_next/static/chunks/node_modules_next_dist_1e8vcs8._.js:776
[927969862ms] [LOG] [HMR] connected @ http://localhost:3000/_next/static/chunks/node_modules_next_dist_1e8vcs8._.js:776
[927973104ms] [LOG] [Fast Refresh] rebuilding @ http://localhost:3000/_next/static/chunks/node_modules_next_dist_1e8vcs8._.js:776
[927973106ms] [LOG] [Fast Refresh] done in 104ms @ http://localhost:3000/_next/static/chunks/node_modules_next_dist_1e8vcs8._.js:776
[927978369ms] [LOG] [Fast Refresh] rebuilding @ http://localhost:3000/_next/static/chunks/node_modules_next_dist_1e8vcs8._.js:776
[927978425ms] [LOG] [Fast Refresh] done in 40ms @ http://localhost:3000/_next/static/chunks/node_modules_next_dist_1e8vcs8._.js:776
[927978514ms] [ERROR] Failed to load resource: the server responded with a status of 404 (Not Found) @ http://localhost:3000/pricing?_rsc=7TmJZH1YHwSue7fr:0
[927978517ms] [LOG] [Fast Refresh] done in 40ms @ http://localhost:3000/_next/static/chunks/node_modules_next_dist_1e8vcs8._.js:776
[927978735ms] [LOG] [Fast Refresh] done in 40ms @ http://localhost:3000/_next/static/chunks/node_modules_next_dist_1e8vcs8._.js:776
[927978823ms] [LOG] [Fast Refresh] done in 40ms @ http://localhost:3000/_next/static/chunks/node_modules_next_dist_1e8vcs8._.js:776
[927978892ms] [LOG] [Fast Refresh] done in 40ms @ http://localhost:3000/_next/static/chunks/node_modules_next_dist_1e8vcs8._.js:776
[927978964ms] [LOG] [Fast Refresh] done in 40ms @ http://localhost:3000/_next/static/chunks/node_modules_next_dist_1e8vcs8._.js:776
[927979009ms] [ERROR] Failed to load resource: the server responded with a status of 404 (Not Found) @ http://localhost:3000/pricing:0
[927979090ms] [INFO] %cDownload the React DevTools for a better development experience: https://react.dev/link/react-devtools font-weight:bold @ http://localhost:3000/_next/static/chunks/node_modules_next_dist_1e8vcs8._.js:776
[927979132ms] [LOG] [HMR] connected @ http://localhost:3000/_next/static/chunks/node_modules_next_dist_1e8vcs8._.js:776
[927993926ms] [LOG] [Fast Refresh] done in 9159ms @ http://localhost:3000/_next/static/chunks/node_modules_next_dist_1e8vcs8._.js:776
[927993999ms] [LOG] [Fast Refresh] done in 9159ms @ http://localhost:3000/_next/static/chunks/node_modules_next_dist_1e8vcs8._.js:776
[927994416ms] [ERROR] Failed to load resource: the server responded with a status of 404 (Not Found) @ http://localhost:3000/pricing?_rsc=7TmJZH1YHwSue7fr:0
[927994443ms] [LOG] [Fast Refresh] done in 9159ms @ http://localhost:3000/_next/static/chunks/node_modules_next_dist_1e8vcs8._.js:776
[927994458ms] [LOG] [Fast Refresh] done in 9159ms @ http://localhost:3000/_next/static/chunks/node_modules_next_dist_1e8vcs8._.js:776
[927994524ms] [LOG] [Fast Refresh] done in 9159ms @ http://localhost:3000/_next/static/chunks/node_modules_next_dist_1e8vcs8._.js:776
[927994554ms] [LOG] [Fast Refresh] done in 9159ms @ http://localhost:3000/_next/static/chunks/node_modules_next_dist_1e8vcs8._.js:776
[927994644ms] [LOG] [Fast Refresh] done in 9159ms @ http://localhost:3000/_next/static/chunks/node_modules_next_dist_1e8vcs8._.js:776
[927994721ms] [LOG] [Fast Refresh] done in 9159ms @ http://localhost:3000/_next/static/chunks/node_modules_next_dist_1e8vcs8._.js:776
[927994738ms] [ERROR] Failed to load resource: the server responded with a status of 404 (Not Found) @ http://localhost:3000/pricing:0
[927994862ms] [INFO] %cDownload the React DevTools for a better development experience: https://react.dev/link/react-devtools font-weight:bold @ http://localhost:3000/_next/static/chunks/node_modules_next_dist_1e8vcs8._.js:776
[927994872ms] [LOG] [HMR] connected @ http://localhost:3000/_next/static/chunks/node_modules_next_dist_1e8vcs8._.js:776
[928172667ms] [LOG] [Fast Refresh] rebuilding @ http://localhost:3000/_next/static/chunks/node_modules_next_dist_1e8vcs8._.js:776
[928172699ms] [LOG] [Fast Refresh] done in 24ms @ http://localhost:3000/_next/static/chunks/node_modules_next_dist_1e8vcs8._.js:776
[928172745ms] [ERROR] Failed to load resource: the server responded with a status of 404 (Not Found) @ http://localhost:3000/pricing?_rsc=7TmJZH1YHwSue7fr:0
[928172823ms] [LOG] [Fast Refresh] done in 24ms @ http://localhost:3000/_next/static/chunks/node_modules_next_dist_1e8vcs8._.js:776
[928172965ms] [LOG] [Fast Refresh] done in 24ms @ http://localhost:3000/_next/static/chunks/node_modules_next_dist_1e8vcs8._.js:776
[928173210ms] [LOG] [Fast Refresh] done in 24ms @ http://localhost:3000/_next/static/chunks/node_modules_next_dist_1e8vcs8._.js:776
[928173297ms] [ERROR] Failed to load resource: the server responded with a status of 404 (Not Found) @ http://localhost:3000/pricing:0
[928173493ms] [INFO] %cDownload the React DevTools for a better development experience: https://react.dev/link/react-devtools font-weight:bold @ http://localhost:3000/_next/static/chunks/node_modules_next_dist_1e8vcs8._.js:776
[928173567ms] [LOG] [HMR] connected @ http://localhost:3000/_next/static/chunks/node_modules_next_dist_1e8vcs8._.js:776
[928347682ms] [LOG] [Fast Refresh] rebuilding @ http://localhost:3000/_next/static/chunks/node_modules_next_dist_1e8vcs8._.js:776
[928347724ms] [LOG] [Fast Refresh] done in 144ms @ http://localhost:3000/_next/static/chunks/node_modules_next_dist_1e8vcs8._.js:776
[928347924ms] [ERROR] Failed to load resource: the server responded with a status of 404 (Not Found) @ http://localhost:3000/pricing?_rsc=7TmJZH1YHwSue7fr:0
[928348197ms] [LOG] [Fast Refresh] done in 510ms @ http://localhost:3000/_next/static/chunks/node_modules_next_dist_1e8vcs8._.js:776
[928348538ms] [ERROR] Failed to load resource: the server responded with a status of 404 (Not Found) @ http://localhost:3000/pricing?_rsc=7TmJZH1YHwSue7fr:0
[928348572ms] [ERROR] Failed to load resource: the server responded with a status of 404 (Not Found) @ http://localhost:3000/pricing:0
[928348800ms] [INFO] %cDownload the React DevTools for a better development experience: https://react.dev/link/react-devtools font-weight:bold @ http://localhost:3000/_next/static/chunks/node_modules_next_dist_1e8vcs8._.js:776
[928348844ms] [LOG] [HMR] connected @ http://localhost:3000/_next/static/chunks/node_modules_next_dist_1e8vcs8._.js:776
[928364150ms] [LOG] [Fast Refresh] rebuilding @ http://localhost:3000/_next/static/chunks/node_modules_next_dist_1e8vcs8._.js:776
[928364164ms] [LOG] [Fast Refresh] done in 114ms @ http://localhost:3000/_next/static/chunks/node_modules_next_dist_1e8vcs8._.js:776
[928371435ms] [LOG] [Fast Refresh] rebuilding @ http://localhost:3000/_next/static/chunks/node_modules_next_dist_1e8vcs8._.js:776
[928371767ms] [LOG] [Fast Refresh] done in 428ms @ http://localhost:3000/_next/static/chunks/node_modules_next_dist_1e8vcs8._.js:776
[928371954ms] [LOG] [Fast Refresh] done in 493ms @ http://localhost:3000/_next/static/chunks/node_modules_next_dist_1e8vcs8._.js:776
[928372176ms] [ERROR] Failed to load resource: the server responded with a status of 404 (Not Found) @ http://localhost:3000/pricing?_rsc=7TmJZH1YHwSue7fr:0
[928372183ms] [LOG] [Fast Refresh] done in 493ms @ http://localhost:3000/_next/static/chunks/node_modules_next_dist_1e8vcs8._.js:776
[928372376ms] [LOG] [Fast Refresh] done in 493ms @ http://localhost:3000/_next/static/chunks/node_modules_next_dist_1e8vcs8._.js:776
[928372466ms] [LOG] [Fast Refresh] done in 493ms @ http://localhost:3000/_next/static/chunks/node_modules_next_dist_1e8vcs8._.js:776
[928372572ms] [LOG] [Fast Refresh] done in 493ms @ http://localhost:3000/_next/static/chunks/node_modules_next_dist_1e8vcs8._.js:776
[928372644ms] [ERROR] Failed to load resource: the server responded with a status of 404 (Not Found) @ http://localhost:3000/pricing:0
[928372768ms] [INFO] %cDownload the React DevTools for a better development experience: https://react.dev/link/react-devtools font-weight:bold @ http://localhost:3000/_next/static/chunks/node_modules_next_dist_1e8vcs8._.js:776
[928372784ms] [LOG] [HMR] connected @ http://localhost:3000/_next/static/chunks/node_modules_next_dist_1e8vcs8._.js:776
[928383440ms] [LOG] [Fast Refresh] rebuilding @ http://localhost:3000/_next/static/chunks/node_modules_next_dist_1e8vcs8._.js:776
[928383683ms] [LOG] [Fast Refresh] done in 305ms @ http://localhost:3000/_next/static/chunks/node_modules_next_dist_1e8vcs8._.js:776
[928383738ms] [LOG] [Fast Refresh] done in 305ms @ http://localhost:3000/_next/static/chunks/node_modules_next_dist_1e8vcs8._.js:776
[928383771ms] [ERROR] Failed to load resource: the server responded with a status of 404 (Not Found) @ http://localhost:3000/pricing?_rsc=7TmJZH1YHwSue7fr:0
[928383773ms] [LOG] [Fast Refresh] done in 305ms @ http://localhost:3000/_next/static/chunks/node_modules_next_dist_1e8vcs8._.js:776
[928383846ms] [LOG] [Fast Refresh] done in 305ms @ http://localhost:3000/_next/static/chunks/node_modules_next_dist_1e8vcs8._.js:776
[928383954ms] [LOG] [Fast Refresh] done in 305ms @ http://localhost:3000/_next/static/chunks/node_modules_next_dist_1e8vcs8._.js:776
[928383997ms] [LOG] [Fast Refresh] done in 305ms @ http://localhost:3000/_next/static/chunks/node_modules_next_dist_1e8vcs8._.js:776
[928384305ms] [ERROR] Failed to load resource: the server responded with a status of 404 (Not Found) @ http://localhost:3000/pricing:0
[928384481ms] [INFO] %cDownload the React DevTools for a better development experience: https://react.dev/link/react-devtools font-weight:bold @ http://localhost:3000/_next/static/chunks/node_modules_next_dist_1e8vcs8._.js:776
[928384493ms] [LOG] [HMR] connected @ http://localhost:3000/_next/static/chunks/node_modules_next_dist_1e8vcs8._.js:776
[928464147ms] [LOG] [Fast Refresh] rebuilding @ http://localhost:3000/_next/static/chunks/node_modules_next_dist_1e8vcs8._.js:776
[928464153ms] [LOG] [Fast Refresh] done in 56ms @ http://localhost:3000/_next/static/chunks/node_modules_next_dist_1e8vcs8._.js:776
[928464428ms] [ERROR] Failed to load resource: the server responded with a status of 404 (Not Found) @ http://localhost:3000/pricing?_rsc=7TmJZH1YHwSue7fr:0
[928464483ms] [LOG] [Fast Refresh] done in 178ms @ http://localhost:3000/_next/static/chunks/node_modules_next_dist_1e8vcs8._.js:776
[928464485ms] [LOG] [Fast Refresh] done in 178ms @ http://localhost:3000/_next/static/chunks/node_modules_next_dist_1e8vcs8._.js:776
[928465053ms] [ERROR] Failed to load resource: the server responded with a status of 404 (Not Found) @ http://localhost:3000/pricing:0
[928465335ms] [INFO] %cDownload the React DevTools for a better development experience: https://react.dev/link/react-devtools font-weight:bold @ http://localhost:3000/_next/static/chunks/node_modules_next_dist_1e8vcs8._.js:776
[928465367ms] [LOG] [HMR] connected @ http://localhost:3000/_next/static/chunks/node_modules_next_dist_1e8vcs8._.js:776
[928692648ms] [LOG] [Fast Refresh] rebuilding @ http://localhost:3000/_next/static/chunks/node_modules_next_dist_1e8vcs8._.js:776
[928693105ms] [LOG] [Fast Refresh] done in 558ms @ http://localhost:3000/_next/static/chunks/node_modules_next_dist_1e8vcs8._.js:776
[928869397ms] [LOG] [Fast Refresh] rebuilding @ http://localhost:3000/_next/static/chunks/node_modules_next_dist_1e8vcs8._.js:776
[928869485ms] [LOG] [Fast Refresh] done in 152ms @ http://localhost:3000/_next/static/chunks/node_modules_next_dist_1e8vcs8._.js:776
[928869564ms] [LOG] [Fast Refresh] done in 152ms @ http://localhost:3000/_next/static/chunks/node_modules_next_dist_1e8vcs8._.js:776
[928869646ms] [LOG] [Fast Refresh] done in 152ms @ http://localhost:3000/_next/static/chunks/node_modules_next_dist_1e8vcs8._.js:776
[928869727ms] [ERROR] Failed to load resource: the server responded with a status of 404 (Not Found) @ http://localhost:3000/pricing?_rsc=7TmJZH1YHwSue7fr:0
[928869729ms] [LOG] [Fast Refresh] done in 152ms @ http://localhost:3000/_next/static/chunks/node_modules_next_dist_1e8vcs8._.js:776
[928869802ms] [LOG] [Fast Refresh] done in 152ms @ http://localhost:3000/_next/static/chunks/node_modules_next_dist_1e8vcs8._.js:776
[928869978ms] [LOG] [Fast Refresh] done in 152ms @ http://localhost:3000/_next/static/chunks/node_modules_next_dist_1e8vcs8._.js:776
[928870092ms] [LOG] [Fast Refresh] done in 152ms @ http://localhost:3000/_next/static/chunks/node_modules_next_dist_1e8vcs8._.js:776
[928870147ms] [ERROR] Failed to load resource: the server responded with a status of 404 (Not Found) @ http://localhost:3000/pricing:0
[928870285ms] [INFO] %cDownload the React DevTools for a better development experience: https://react.dev/link/react-devtools font-weight:bold @ http://localhost:3000/_next/static/chunks/node_modules_next_dist_1e8vcs8._.js:776
[928870304ms] [LOG] [HMR] connected @ http://localhost:3000/_next/static/chunks/node_modules_next_dist_1e8vcs8._.js:776
[928896390ms] [ERROR] Failed to load resource: the server responded with a status of 404 (Not Found) @ http://localhost:3000/pricing?_rsc=7TmJZH1YHwSue7fr:0
[928896690ms] [ERROR] Failed to load resource: the server responded with a status of 404 (Not Found) @ http://localhost:3000/pricing:0
[928896905ms] [INFO] %cDownload the React DevTools for a better development experience: https://react.dev/link/react-devtools font-weight:bold @ http://localhost:3000/_next/static/chunks/node_modules_next_dist_1e8vcs8._.js:776
[928896977ms] [LOG] [HMR] connected @ http://localhost:3000/_next/static/chunks/node_modules_next_dist_1e8vcs8._.js:776
[928910421ms] [LOG] [Fast Refresh] rebuilding @ http://localhost:3000/_next/static/chunks/node_modules_next_dist_1e8vcs8._.js:776
[928910437ms] [LOG] [Fast Refresh] done in 116ms @ http://localhost:3000/_next/static/chunks/node_modules_next_dist_1e8vcs8._.js:776
[928928540ms] [ERROR] WebSocket connection to 'ws://localhost:3000/_next/hmr?id=_VKnsnX_BdsHeI9NR-IR1' failed: Error in connection establishment: net::ERR_CONNECTION_REFUSED @ http://localhost:3000/_next/static/chunks/node_modules_next_dist_client_0_90u2t._.js:16348
[928929543ms] [ERROR] WebSocket connection to 'ws://localhost:3000/_next/hmr?id=_VKnsnX_BdsHeI9NR-IR1' failed: Error in connection establishment: net::ERR_CONNECTION_REFUSED @ http://localhost:3000/_next/static/chunks/node_modules_next_dist_client_0_90u2t._.js:16348
[928930547ms] [ERROR] WebSocket connection to 'ws://localhost:3000/_next/hmr?id=_VKnsnX_BdsHeI9NR-IR1' failed: Error in connection establishment: net::ERR_CONNECTION_REFUSED @ http://localhost:3000/_next/static/chunks/node_modules_next_dist_client_0_90u2t._.js:16348
[928931551ms] [ERROR] WebSocket connection to 'ws://localhost:3000/_next/hmr?id=_VKnsnX_BdsHeI9NR-IR1' failed: Error in connection establishment: net::ERR_CONNECTION_REFUSED @ http://localhost:3000/_next/static/chunks/node_modules_next_dist_client_0_90u2t._.js:16348
[928932554ms] [ERROR] WebSocket connection to 'ws://localhost:3000/_next/hmr?id=_VKnsnX_BdsHeI9NR-IR1' failed: Error in connection establishment: net::ERR_CONNECTION_REFUSED @ http://localhost:3000/_next/static/chunks/node_modules_next_dist_client_0_90u2t._.js:16348
[928937559ms] [LOG] [HMR] connected @ http://localhost:3000/_next/static/chunks/node_modules_next_dist_1e8vcs8._.js:776
[928937938ms] [ERROR] Failed to load resource: the server responded with a status of 404 (Not Found) @ http://localhost:3000/pricing:0
[928937989ms] [INFO] %cDownload the React DevTools for a better development experience: https://react.dev/link/react-devtools font-weight:bold @ http://localhost:3000/_next/static/chunks/node_modules_next_dist_1e8vcs8._.js:776
[928938037ms] [LOG] [HMR] connected @ http://localhost:3000/_next/static/chunks/node_modules_next_dist_1e8vcs8._.js:776
[928944652ms] [LOG] [Fast Refresh] rebuilding @ http://localhost:3000/_next/static/chunks/node_modules_next_dist_1e8vcs8._.js:776
[928944925ms] [LOG] [Fast Refresh] done in 316ms @ http://localhost:3000/_next/static/chunks/node_modules_next_dist_1e8vcs8._.js:776
[928946457ms] [LOG] [Fast Refresh] done in 316ms @ http://localhost:3000/_next/static/chunks/node_modules_next_dist_1e8vcs8._.js:776
[928946811ms] [LOG] [Fast Refresh] done in 316ms @ http://localhost:3000/_next/static/chunks/node_modules_next_dist_1e8vcs8._.js:776
[928956443ms] [LOG] [Fast Refresh] done in 316ms @ http://localhost:3000/_next/static/chunks/node_modules_next_dist_1e8vcs8._.js:776
[928957694ms] [LOG] [Fast Refresh] done in 316ms @ http://localhost:3000/_next/static/chunks/node_modules_next_dist_1e8vcs8._.js:776
[928957751ms] [LOG] [Fast Refresh] done in 316ms @ http://localhost:3000/_next/static/chunks/node_modules_next_dist_1e8vcs8._.js:776
[928958819ms] [LOG] [Fast Refresh] done in 316ms @ http://localhost:3000/_next/static/chunks/node_modules_next_dist_1e8vcs8._.js:776
[929292941ms] [LOG] [Fast Refresh] rebuilding @ http://localhost:3000/_next/static/chunks/node_modules_next_dist_1e8vcs8._.js:776
[929293058ms] [LOG] [Fast Refresh] done in 216ms @ http://localhost:3000/_next/static/chunks/node_modules_next_dist_1e8vcs8._.js:776
[929293237ms] [LOG] [Fast Refresh] done in 216ms @ http://localhost:3000/_next/static/chunks/node_modules_next_dist_1e8vcs8._.js:776
[929293385ms] [ERROR] Failed to load resource: the server responded with a status of 404 (Not Found) @ http://localhost:3000/pricing?_rsc=7TmJZH1YHwSue7fr:0
[929293735ms] [ERROR] Failed to load resource: the server responded with a status of 404 (Not Found) @ http://localhost:3000/pricing:0
[929293919ms] [INFO] %cDownload the React DevTools for a better development experience: https://react.dev/link/react-devtools font-weight:bold @ http://localhost:3000/_next/static/chunks/node_modules_next_dist_1e8vcs8._.js:776
[929293965ms] [LOG] [HMR] connected @ http://localhost:3000/_next/static/chunks/node_modules_next_dist_1e8vcs8._.js:776
[929401435ms] [LOG] [Fast Refresh] rebuilding @ http://localhost:3000/_next/static/chunks/node_modules_next_dist_1e8vcs8._.js:776
[929401659ms] [LOG] [Fast Refresh] done in 172ms @ http://localhost:3000/_next/static/chunks/node_modules_next_dist_1e8vcs8._.js:776
[929401687ms] [ERROR] Failed to load resource: the server responded with a status of 404 (Not Found) @ http://localhost:3000/pricing?_rsc=7TmJZH1YHwSue7fr:0
[929401712ms] [LOG] [Fast Refresh] done in 172ms @ http://localhost:3000/_next/static/chunks/node_modules_next_dist_1e8vcs8._.js:776
[929401760ms] [LOG] [Fast Refresh] done in 172ms @ http://localhost:3000/_next/static/chunks/node_modules_next_dist_1e8vcs8._.js:776
[929401909ms] [LOG] [Fast Refresh] done in 172ms @ http://localhost:3000/_next/static/chunks/node_modules_next_dist_1e8vcs8._.js:776
[929402009ms] [LOG] [Fast Refresh] done in 172ms @ http://localhost:3000/_next/static/chunks/node_modules_next_dist_1e8vcs8._.js:776
[929402030ms] [ERROR] Failed to load resource: the server responded with a status of 404 (Not Found) @ http://localhost:3000/pricing:0
[929402284ms] [INFO] %cDownload the React DevTools for a better development experience: https://react.dev/link/react-devtools font-weight:bold @ http://localhost:3000/_next/static/chunks/node_modules_next_dist_1e8vcs8._.js:776
[929402334ms] [LOG] [HMR] connected @ http://localhost:3000/_next/static/chunks/node_modules_next_dist_1e8vcs8._.js:776
[929416783ms] [LOG] [Fast Refresh] rebuilding @ http://localhost:3000/_next/static/chunks/node_modules_next_dist_1e8vcs8._.js:776
[929417692ms] [LOG] [Fast Refresh] done in 489ms @ http://localhost:3000/_next/static/chunks/node_modules_next_dist_1e8vcs8._.js:776
[929417750ms] [ERROR] Failed to load resource: the server responded with a status of 404 (Not Found) @ http://localhost:3000/pricing?_rsc=7TmJZH1YHwSue7fr:0
[929417765ms] [LOG] [Fast Refresh] done in 1014ms @ http://localhost:3000/_next/static/chunks/node_modules_next_dist_1e8vcs8._.js:776
[929418518ms] [ERROR] Failed to load resource: the server responded with a status of 404 (Not Found) @ http://localhost:3000/pricing:0
[929418898ms] [INFO] %cDownload the React DevTools for a better development experience: https://react.dev/link/react-devtools font-weight:bold @ http://localhost:3000/_next/static/chunks/node_modules_next_dist_1e8vcs8._.js:776
[929418920ms] [LOG] [HMR] connected @ http://localhost:3000/_next/static/chunks/node_modules_next_dist_1e8vcs8._.js:776
[929428172ms] [ERROR] Failed to load resource: the server responded with a status of 404 (Not Found) @ http://localhost:3000/pricing?_rsc=7TmJZH1YHwSue7fr:0
[929429067ms] [ERROR] Failed to load resource: the server responded with a status of 404 (Not Found) @ http://localhost:3000/pricing:0
[929429467ms] [INFO] %cDownload the React DevTools for a better development experience: https://react.dev/link/react-devtools font-weight:bold @ http://localhost:3000/_next/static/chunks/node_modules_next_dist_1e8vcs8._.js:776
[929429510ms] [LOG] [HMR] connected @ http://localhost:3000/_next/static/chunks/node_modules_next_dist_1e8vcs8._.js:776
[929443631ms] [LOG] [Fast Refresh] rebuilding @ http://localhost:3000/_next/static/chunks/node_modules_next_dist_1e8vcs8._.js:776
[929443669ms] [LOG] [Fast Refresh] done in 32ms @ http://localhost:3000/_next/static/chunks/node_modules_next_dist_1e8vcs8._.js:776
[929443697ms] [LOG] [Fast Refresh] done in 32ms @ http://localhost:3000/_next/static/chunks/node_modules_next_dist_1e8vcs8._.js:776
[929443734ms] [ERROR] Failed to load resource: the server responded with a status of 404 (Not Found) @ http://localhost:3000/pricing?_rsc=7TmJZH1YHwSue7fr:0
[929443788ms] [LOG] [Fast Refresh] done in 32ms @ http://localhost:3000/_next/static/chunks/node_modules_next_dist_1e8vcs8._.js:776
[929445035ms] [ERROR] Failed to load resource: the server responded with a status of 404 (Not Found) @ http://localhost:3000/pricing:0
[929445123ms] [INFO] %cDownload the React DevTools for a better development experience: https://react.dev/link/react-devtools font-weight:bold @ http://localhost:3000/_next/static/chunks/node_modules_next_dist_1e8vcs8._.js:776
[929445150ms] [LOG] [HMR] connected @ http://localhost:3000/_next/static/chunks/node_modules_next_dist_1e8vcs8._.js:776
[929536598ms] [LOG] [Fast Refresh] done in 84827ms @ http://localhost:3000/_next/static/chunks/node_modules_next_dist_1e8vcs8._.js:776
[929536637ms] [LOG] [Fast Refresh] done in 84827ms @ http://localhost:3000/_next/static/chunks/node_modules_next_dist_1e8vcs8._.js:776
[929536662ms] [ERROR] Failed to load resource: the server responded with a status of 404 (Not Found) @ http://localhost:3000/pricing?_rsc=7TmJZH1YHwSue7fr:0
[929536708ms] [LOG] [Fast Refresh] done in 84827ms @ http://localhost:3000/_next/static/chunks/node_modules_next_dist_1e8vcs8._.js:776
[929537140ms] [ERROR] Failed to load resource: the server responded with a status of 404 (Not Found) @ http://localhost:3000/pricing:0
[929537245ms] [INFO] %cDownload the React DevTools for a better development experience: https://react.dev/link/react-devtools font-weight:bold @ http://localhost:3000/_next/static/chunks/node_modules_next_dist_1e8vcs8._.js:776
[929537263ms] [LOG] [HMR] connected @ http://localhost:3000/_next/static/chunks/node_modules_next_dist_1e8vcs8._.js:776
[929544460ms] [ERROR] Failed to load resource: the server responded with a status of 404 (Not Found) @ http://localhost:3000/pricing?_rsc=7TmJZH1YHwSue7fr:0
[929544589ms] [LOG] [Fast Refresh] rebuilding @ http://localhost:3000/_next/static/chunks/node_modules_next_dist_1e8vcs8._.js:776
[929544620ms] [LOG] [Fast Refresh] done in 132ms @ http://localhost:3000/_next/static/chunks/node_modules_next_dist_1e8vcs8._.js:776
[929544917ms] [ERROR] Failed to load resource: the server responded with a status of 404 (Not Found) @ http://localhost:3000/pricing:0
[929545021ms] [INFO] %cDownload the React DevTools for a better development experience: https://react.dev/link/react-devtools font-weight:bold @ http://localhost:3000/_next/static/chunks/node_modules_next_dist_1e8vcs8._.js:776
[929545044ms] [LOG] [HMR] connected @ http://localhost:3000/_next/static/chunks/node_modules_next_dist_1e8vcs8._.js:776
[929603661ms] [LOG] [Fast Refresh] rebuilding @ http://localhost:3000/_next/static/chunks/node_modules_next_dist_1e8vcs8._.js:776
[929603713ms] [LOG] [Fast Refresh] done in 47ms @ http://localhost:3000/_next/static/chunks/node_modules_next_dist_1e8vcs8._.js:776
[929610759ms] [LOG] [Fast Refresh] done in 47ms @ http://localhost:3000/_next/static/chunks/node_modules_next_dist_1e8vcs8._.js:776
[929611112ms] [LOG] [Fast Refresh] done in 47ms @ http://localhost:3000/_next/static/chunks/node_modules_next_dist_1e8vcs8._.js:776
[929614195ms] [ERROR] Failed to load resource: the server responded with a status of 404 (Not Found) @ http://localhost:3000/pricing?_rsc=7TmJZH1YHwSue7fr:0
[929614697ms] [ERROR] Failed to load resource: the server responded with a status of 404 (Not Found) @ http://localhost:3000/pricing:0
[929614908ms] [INFO] %cDownload the React DevTools for a better development experience: https://react.dev/link/react-devtools font-weight:bold @ http://localhost:3000/_next/static/chunks/node_modules_next_dist_1e8vcs8._.js:776
[929614928ms] [LOG] [HMR] connected @ http://localhost:3000/_next/static/chunks/node_modules_next_dist_1e8vcs8._.js:776
[929627127ms] [LOG] [Fast Refresh] rebuilding @ http://localhost:3000/_next/static/chunks/node_modules_next_dist_1e8vcs8._.js:776
[929627397ms] [LOG] [Fast Refresh] done in 296ms @ http://localhost:3000/_next/static/chunks/node_modules_next_dist_1e8vcs8._.js:776
[929627518ms] [LOG] [Fast Refresh] done in 296ms @ http://localhost:3000/_next/static/chunks/node_modules_next_dist_1e8vcs8._.js:776
[929627549ms] [ERROR] Failed to load resource: the server responded with a status of 404 (Not Found) @ http://localhost:3000/pricing?_rsc=7TmJZH1YHwSue7fr:0
[929627573ms] [LOG] [Fast Refresh] done in 296ms @ http://localhost:3000/_next/static/chunks/node_modules_next_dist_1e8vcs8._.js:776
[929627619ms] [LOG] [Fast Refresh] done in 296ms @ http://localhost:3000/_next/static/chunks/node_modules_next_dist_1e8vcs8._.js:776
[929627768ms] [LOG] [Fast Refresh] done in 296ms @ http://localhost:3000/_next/static/chunks/node_modules_next_dist_1e8vcs8._.js:776
[929627810ms] [LOG] [Fast Refresh] done in 296ms @ http://localhost:3000/_next/static/chunks/node_modules_next_dist_1e8vcs8._.js:776
[929627917ms] [LOG] [Fast Refresh] done in 296ms @ http://localhost:3000/_next/static/chunks/node_modules_next_dist_1e8vcs8._.js:776
[929627975ms] [ERROR] Failed to load resource: the server responded with a status of 404 (Not Found) @ http://localhost:3000/pricing:0
[929628123ms] [INFO] %cDownload the React DevTools for a better development experience: https://react.dev/link/react-devtools font-weight:bold @ http://localhost:3000/_next/static/chunks/node_modules_next_dist_1e8vcs8._.js:776
[929628144ms] [LOG] [HMR] connected @ http://localhost:3000/_next/static/chunks/node_modules_next_dist_1e8vcs8._.js:776
[929958385ms] [LOG] [Fast Refresh] rebuilding @ http://localhost:3000/_next/static/chunks/node_modules_next_dist_1e8vcs8._.js:776
[929958605ms] [LOG] [Fast Refresh] done in 243ms @ http://localhost:3000/_next/static/chunks/node_modules_next_dist_1e8vcs8._.js:776
[929958695ms] [LOG] [Fast Refresh] done in 243ms @ http://localhost:3000/_next/static/chunks/node_modules_next_dist_1e8vcs8._.js:776
[929958760ms] [LOG] [Fast Refresh] done in 243ms @ http://localhost:3000/_next/static/chunks/node_modules_next_dist_1e8vcs8._.js:776
[929958799ms] [ERROR] Failed to load resource: the server responded with a status of 404 (Not Found) @ http://localhost:3000/pricing?_rsc=7TmJZH1YHwSue7fr:0
[929958809ms] [LOG] [Fast Refresh] done in 243ms @ http://localhost:3000/_next/static/chunks/node_modules_next_dist_1e8vcs8._.js:776
[929958906ms] [LOG] [Fast Refresh] done in 243ms @ http://localhost:3000/_next/static/chunks/node_modules_next_dist_1e8vcs8._.js:776
[929959215ms] [LOG] [Fast Refresh] done in 243ms @ http://localhost:3000/_next/static/chunks/node_modules_next_dist_1e8vcs8._.js:776
[929959269ms] [LOG] [Fast Refresh] done in 243ms @ http://localhost:3000/_next/static/chunks/node_modules_next_dist_1e8vcs8._.js:776
[929959349ms] [LOG] [Fast Refresh] done in 243ms @ http://localhost:3000/_next/static/chunks/node_modules_next_dist_1e8vcs8._.js:776
[929959408ms] [ERROR] Failed to load resource: the server responded with a status of 404 (Not Found) @ http://localhost:3000/pricing:0
[929959582ms] [INFO] %cDownload the React DevTools for a better development experience: https://react.dev/link/react-devtools font-weight:bold @ http://localhost:3000/_next/static/chunks/node_modules_next_dist_1e8vcs8._.js:776
[929959632ms] [LOG] [HMR] connected @ http://localhost:3000/_next/static/chunks/node_modules_next_dist_1e8vcs8._.js:776
[929966022ms] [LOG] [Fast Refresh] rebuilding @ http://localhost:3000/_next/static/chunks/node_modules_next_dist_1e8vcs8._.js:776
[929966547ms] [LOG] [Fast Refresh] done in 549ms @ http://localhost:3000/_next/static/chunks/node_modules_next_dist_1e8vcs8._.js:776
[929966579ms] [ERROR] Failed to load resource: the server responded with a status of 404 (Not Found) @ http://localhost:3000/pricing?_rsc=7TmJZH1YHwSue7fr:0
[929966657ms] [LOG] [Fast Refresh] done in 549ms @ http://localhost:3000/_next/static/chunks/node_modules_next_dist_1e8vcs8._.js:776
[929966714ms] [LOG] [Fast Refresh] done in 549ms @ http://localhost:3000/_next/static/chunks/node_modules_next_dist_1e8vcs8._.js:776
[929966974ms] [LOG] [Fast Refresh] done in 549ms @ http://localhost:3000/_next/static/chunks/node_modules_next_dist_1e8vcs8._.js:776
[929967155ms] [ERROR] Failed to load resource: the server responded with a status of 404 (Not Found) @ http://localhost:3000/pricing:0
[929967408ms] [INFO] %cDownload the React DevTools for a better development experience: https://react.dev/link/react-devtools font-weight:bold @ http://localhost:3000/_next/static/chunks/node_modules_next_dist_1e8vcs8._.js:776
[929967427ms] [LOG] [HMR] connected @ http://localhost:3000/_next/static/chunks/node_modules_next_dist_1e8vcs8._.js:776
[1017684490ms] [LOG] [Fast Refresh] rebuilding @ http://localhost:3000/_next/static/chunks/node_modules_next_dist_1e8vcs8._.js:776
